checkpoint,task,cell,n,balanced_accuracy,auc,specificity,confusion
test_selected.json,motion_direction,mixed,128,0.6328125,0.9388834635416666,,"[[32, 0, 0, 0], [2, 17, 0, 13], [0, 29, 0, 3], [0, 0, 0, 32]]"
test_selected.json,orientation,mixed,128,0.9921875,1.0,0.984375,"[[63, 1], [0, 64]]"
test_selected.json,contrast,mixed,128,1.0,1.0,1.0,"[[64, 0], [0, 64]]"
test_selected.json,spatial_frequency,mixed,128,1.0,1.0,1.0,"[[64, 0], [0, 64]]"
test_selected.json,chromatic_increment,mixed,128,1.0,1.0,1.0,"[[64, 0], [0, 64]]"
test_selected.json,contour,mixed,128,0.796875,0.900634765625,0.796875,"[[51, 13], [13, 51]]"
test_selected.json,natural_spectrum,mixed,128,0.9921875,1.0,1.0,"[[64, 0], [1, 63]]"
test_selected.json,orientation_ring,D0,128,0.546875,0.592529296875,0.59375,"[[38, 26], [32, 32]]"
test_selected.json,orientation_cued,D0,128,0.5078125,0.54150390625,0.71875,"[[46, 18], [45, 19]]"
test_selected.json,orientation_cued,D4,128,0.5546875,0.553466796875,0.1875,"[[12, 52], [5, 59]]"
test_selected.json,orientation_cued,D12,128,0.5546875,0.511962890625,0.515625,"[[33, 31], [26, 38]]"
test_selected.json,orientation_cued,D24,128,0.5078125,0.48974609375,0.796875,"[[51, 13], [50, 14]]"
test_selected.json,motion_duration_cued,D0,128,0.2265625,0.50390625,,"[[9, 5, 18, 0], [10, 4, 18, 0], [11, 5, 16, 0], [11, 6, 15, 0]]"
test_selected.json,motion_duration_cued,D4,128,0.2421875,0.492919921875,,"[[3, 6, 23, 0], [4, 5, 23, 0], [4, 5, 23, 0], [8, 5, 19, 0]]"
test_selected.json,motion_duration_cued,D12,128,0.28125,0.5181477864583334,,"[[8, 5, 17, 2], [6, 7, 17, 2], [8, 3, 17, 4], [7, 6, 15, 4]]"
test_selected.json,motion_duration_cued,D24,128,0.2578125,0.49161783854166663,,"[[13, 10, 1, 8], [12, 11, 2, 7], [13, 10, 1, 8], [10, 13, 1, 8]]"
test_selected.json,krauzlis_cued_motion,B12,200,0.5124439004487964,0.5096899224806202,0.2441860465116279,"[[21, 65], [25, 89]]"
test_selected.json,krauzlis_cued_motion,B20,200,0.5059159526723787,0.5077519379844961,0.47674418604651164,"[[41, 45], [53, 61]]"
test_selected.json,krauzlis_cued_motion,B28,200,0.5243778049775601,0.5477356181150551,0.6627906976744186,"[[57, 29], [70, 44]]"
test_selected.json,spatial_binding,D0,128,0.4609375,0.45556640625,0.265625,"[[17, 47], [22, 42]]"
test_selected.json,spatial_binding,D4,128,0.5,0.466796875,0.359375,"[[23, 41], [23, 41]]"
test_selected.json,spatial_binding,D12,128,0.484375,0.47314453125,0.625,"[[40, 24], [42, 22]]"
test_selected.json,spatial_binding,D24,128,0.5390625,0.529052734375,0.34375,"[[22, 42], [17, 47]]"
test_selected.json,image_recognition,N0_H3,128,,,1.0,"[[128, 0], [0, 0]]"
test_selected.json,image_recognition,N0_H4,128,,,1.0,"[[128, 0], [0, 0]]"
test_selected.json,image_recognition,N0_H5,128,,,1.0,"[[128, 0], [0, 0]]"
test_selected.json,image_recognition,N4_H3,128,0.5390625,0.66650390625,1.0,"[[64, 0], [59, 5]]"
test_selected.json,image_recognition,N4_H4,128,0.5,0.51220703125,0.96875,"[[62, 2], [62, 2]]"
test_selected.json,image_recognition,N4_H5,128,0.53125,0.517333984375,0.890625,"[[57, 7], [53, 11]]"
test_selected.json,image_recognition,N12_H3,128,0.484375,0.47119140625,0.453125,"[[29, 35], [31, 33]]"
test_selected.json,image_recognition,N12_H4,128,0.3515625,0.333984375,0.359375,"[[23, 41], [42, 22]]"
test_selected.json,image_recognition,N12_H5,128,0.59375,0.636474609375,0.546875,"[[35, 29], [23, 41]]"
test_selected.json,image_recognition,N24_H3,128,0.421875,0.41455078125,0.15625,"[[10, 54], [20, 44]]"
test_selected.json,image_recognition,N24_H4,128,0.4296875,0.489013671875,0.265625,"[[17, 47], [26, 38]]"
test_selected.json,image_recognition,N24_H5,128,0.515625,0.5146484375,0.265625,"[[17, 47], [15, 49]]"
test_terminal.json,motion_direction,mixed,128,1.0,1.0,,"[[32, 0, 0, 0], [0, 32, 0, 0], [0, 0, 32, 0], [0, 0, 0, 32]]"
test_terminal.json,orientation,mixed,128,0.921875,1.0,0.84375,"[[54, 10], [0, 64]]"
test_terminal.json,contrast,mixed,128,0.9921875,0.999755859375,1.0,"[[64, 0], [1, 63]]"
test_terminal.json,spatial_frequency,mixed,128,0.984375,1.0,1.0,"[[64, 0], [2, 62]]"
test_terminal.json,chromatic_increment,mixed,128,1.0,1.0,1.0,"[[64, 0], [0, 64]]"
test_terminal.json,contour,mixed,128,0.828125,0.929931640625,0.859375,"[[55, 9], [13, 51]]"
test_terminal.json,natural_spectrum,mixed,128,0.9453125,0.999755859375,0.890625,"[[57, 7], [0, 64]]"
test_terminal.json,orientation_ring,D0,128,0.5390625,0.526123046875,0.671875,"[[43, 21], [38, 26]]"
test_terminal.json,orientation_cued,D0,128,0.453125,0.5009765625,0.390625,"[[25, 39], [31, 33]]"
test_terminal.json,orientation_cued,D4,128,0.5078125,0.511474609375,0.640625,"[[41, 23], [40, 24]]"
test_terminal.json,orientation_cued,D12,128,0.515625,0.480224609375,0.078125,"[[5, 59], [3, 61]]"
test_terminal.json,orientation_cued,D24,128,0.5,0.54736328125,0.0,"[[0, 64], [0, 64]]"
test_terminal.json,motion_duration_cued,D0,128,0.2421875,0.515380859375,,"[[0, 16, 16, 0], [0, 13, 19, 0], [0, 14, 18, 0], [0, 14, 18, 0]]"
test_terminal.json,motion_duration_cued,D4,128,0.2578125,0.5159505208333334,,"[[0, 10, 22, 0], [0, 12, 20, 0], [0, 11, 21, 0], [0, 12, 20, 0]]"
test_terminal.json,motion_duration_cued,D12,128,0.25,0.49503580729166663,,"[[0, 32, 0, 0], [0, 32, 0, 0], [0, 32, 0, 0], [0, 32, 0, 0]]"
test_terminal.json,motion_duration_cued,D24,128,0.25,0.49755859375000006,,"[[0, 32, 0, 0], [0, 32, 0, 0], [0, 32, 0, 0], [0, 32, 0, 0]]"
test_terminal.json,krauzlis_cued_motion,B12,200,0.5,0.5029579763361893,0.0,"[[0, 86], [0, 114]]"
test_terminal.json,krauzlis_cued_motion,B20,200,0.5,0.4847001223990208,0.0,"[[0, 86], [0, 114]]"
test_terminal.json,krauzlis_cued_motion,B28,200,0.5,0.5047939616483068,0.0,"[[0, 86], [0, 114]]"
test_terminal.json,spatial_binding,D0,128,0.46875,0.4365234375,0.453125,"[[29, 35], [33, 31]]"
test_terminal.json,spatial_binding,D4,128,0.5234375,0.496337890625,0.484375,"[[31, 33], [28, 36]]"
test_terminal.json,spatial_binding,D12,128,0.5,0.5283203125,0.5,"[[32, 32], [32, 32]]"
test_terminal.json,spatial_binding,D24,128,0.5078125,0.51806640625,0.484375,"[[31, 33], [30, 34]]"
test_terminal.json,image_recognition,N0_H3,128,,,1.0,"[[128, 0], [0, 0]]"
test_terminal.json,image_recognition,N0_H4,128,,,1.0,"[[128, 0], [0, 0]]"
test_terminal.json,image_recognition,N0_H5,128,,,1.0,"[[128, 0], [0, 0]]"
test_terminal.json,image_recognition,N4_H3,128,0.640625,0.63330078125,0.859375,"[[55, 9], [37, 27]]"
test_terminal.json,image_recognition,N4_H4,128,0.5078125,0.546630859375,0.703125,"[[45, 19], [44, 20]]"
test_terminal.json,image_recognition,N4_H5,128,0.5078125,0.53125,0.625,"[[40, 24], [39, 25]]"
test_terminal.json,image_recognition,N12_H3,128,0.4609375,0.4794921875,0.3125,"[[20, 44], [25, 39]]"
test_terminal.json,image_recognition,N12_H4,128,0.5234375,0.502685546875,0.421875,"[[27, 37], [24, 40]]"
test_terminal.json,image_recognition,N12_H5,128,0.5234375,0.5126953125,0.5,"[[32, 32], [29, 35]]"
test_terminal.json,image_recognition,N24_H3,128,0.484375,0.508056640625,0.1875,"[[12, 52], [14, 50]]"
test_terminal.json,image_recognition,N24_H4,128,0.46875,0.4287109375,0.265625,"[[17, 47], [21, 43]]"
test_terminal.json,image_recognition,N24_H5,128,0.5625,0.553955078125,0.40625,"[[26, 38], [18, 46]]"
