step,episodes,frames_total,cell,loss,accuracy,gradient_norm,clipped,frames,seconds,diagnostics
8401,40,816,five_tasks,0.9932805180549622,0.475,6.541508197784424,1,102,4.721415281295776,"{""orientation_cued"": {}, ""motion_duration_cued"": {}, ""krauzlis_cued_motion"": {}, ""spatial_binding"": {}, ""image_recognition"": {}}"
8402,80,1688,five_tasks,1.020313036441803,0.425,10.421101570129395,1,109,3.3624908924102783,"{""orientation_cued"": {}, ""motion_duration_cued"": {}, ""krauzlis_cued_motion"": {}, ""spatial_binding"": {}, ""image_recognition"": {}}"
8403,120,2520,five_tasks,1.0464987874031066,0.425,5.730960369110107,1,104,3.014927387237549,"{""orientation_cued"": {}, ""motion_duration_cued"": {}, ""krauzlis_cued_motion"": {}, ""spatial_binding"": {}, ""image_recognition"": {}}"
8404,160,3392,five_tasks,0.8662780165672302,0.475,2.6421773433685303,1,109,3.128081798553467,"{""orientation_cued"": {}, ""motion_duration_cued"": {}, ""krauzlis_cued_motion"": {}, ""spatial_binding"": {}, ""image_recognition"": {}}"
8405,200,4272,five_tasks,0.8410419940948486,0.475,3.5734949111938477,1,110,3.2177295684814453,"{""orientation_cued"": {}, ""motion_duration_cued"": {}, ""krauzlis_cued_motion"": {}, ""spatial_binding"": {}, ""image_recognition"": {}}"
8406,240,5176,five_tasks,0.8237054944038391,0.425,2.143839120864868,1,113,3.235213279724121,"{""orientation_cued"": {}, ""motion_duration_cued"": {}, ""krauzlis_cued_motion"": {}, ""spatial_binding"": {}, ""image_recognition"": {}}"
8407,280,5736,five_tasks,0.9574421644210815,0.35,5.480255126953125,1,70,2.0587351322174072,"{""orientation_cued"": {}, ""motion_duration_cued"": {}, ""krauzlis_cued_motion"": {}, ""spatial_binding"": {}, ""image_recognition"": {}}"
8408,320,6840,five_tasks,0.9166642427444458,0.425,2.876744031906128,1,138,3.9195353984832764,"{""orientation_cued"": {}, ""motion_duration_cued"": {}, ""krauzlis_cued_motion"": {}, ""spatial_binding"": {}, ""image_recognition"": {}}"
8409,360,7576,five_tasks,0.8574524760246277,0.475,4.726729393005371,1,92,2.6474571228027344,"{""orientation_cued"": {}, ""motion_duration_cued"": {}, ""krauzlis_cued_motion"": {}, ""spatial_binding"": {}, ""image_recognition"": {}}"
8410,400,8312,five_tasks,0.9088120341300965,0.45,2.4484126567840576,1,92,2.6623198986053467,"{""orientation_cued"": {}, ""motion_duration_cued"": {}, ""krauzlis_cued_motion"": {}, ""spatial_binding"": {}, ""image_recognition"": {}}"
8411,440,9312,five_tasks,0.9664175868034363,0.425,4.925624847412109,1,125,3.555684804916382,"{""orientation_cued"": {}, ""motion_duration_cued"": {}, ""krauzlis_cued_motion"": {}, ""spatial_binding"": {}, ""image_recognition"": {}}"
8412,480,10080,five_tasks,0.8883396029472351,0.4,4.7916483879089355,1,96,2.7510297298431396,"{""orientation_cued"": {}, ""motion_duration_cued"": {}, ""krauzlis_cued_motion"": {}, ""spatial_binding"": {}, ""image_recognition"": {}}"
8413,520,11248,five_tasks,0.88539719581604,0.425,2.7720165252685547,1,146,4.1235551834106445,"{""orientation_cued"": {}, ""motion_duration_cued"": {}, ""krauzlis_cued_motion"": {}, ""spatial_binding"": {}, ""image_recognition"": {}}"
8414,560,11744,five_tasks,0.8378221154212951,0.45,2.8837711811065674,1,62,1.8321237564086914,"{""orientation_cued"": {}, ""motion_duration_cued"": {}, ""krauzlis_cued_motion"": {}, ""spatial_binding"": {}, ""image_recognition"": {}}"
8415,600,12512,five_tasks,0.8967671632766724,0.3,2.460662841796875,1,96,2.781109094619751,"{""orientation_cued"": {}, ""motion_duration_cued"": {}, ""krauzlis_cued_motion"": {}, ""spatial_binding"": {}, ""image_recognition"": {}}"
8416,640,13504,five_tasks,0.7865642666816711,0.575,2.9021246433258057,1,124,3.5430424213409424,"{""orientation_cued"": {}, ""motion_duration_cued"": {}, ""krauzlis_cued_motion"": {}, ""spatial_binding"": {}, ""image_recognition"": {}}"
8417,680,14352,five_tasks,0.8291605472564697,0.425,1.4555784463882446,1,106,3.011958360671997,"{""orientation_cued"": {}, ""motion_duration_cued"": {}, ""krauzlis_cued_motion"": {}, ""spatial_binding"": {}, ""image_recognition"": {}}"
8418,720,15192,five_tasks,0.9479432106018066,0.325,2.9810168743133545,1,105,3.029783248901367,"{""orientation_cued"": {}, ""motion_duration_cued"": {}, ""krauzlis_cued_motion"": {}, ""spatial_binding"": {}, ""image_recognition"": {}}"
8419,760,16280,five_tasks,0.8663323760032654,0.525,2.3762879371643066,1,136,3.8548319339752197,"{""orientation_cued"": {}, ""motion_duration_cued"": {}, ""krauzlis_cued_motion"": {}, ""spatial_binding"": {}, ""image_recognition"": {}}"
8420,800,16872,five_tasks,0.7974636614322662,0.475,2.436863899230957,1,74,2.146315813064575,"{""orientation_cued"": {}, ""motion_duration_cued"": {}, ""krauzlis_cued_motion"": {}, ""spatial_binding"": {}, ""image_recognition"": {}}"
8421,840,17640,five_tasks,0.8428841710090638,0.5,1.942152976989746,1,96,2.777925491333008,"{""orientation_cued"": {}, ""motion_duration_cued"": {}, ""krauzlis_cued_motion"": {}, ""spatial_binding"": {}, ""image_recognition"": {}}"
8422,880,18512,five_tasks,0.8290567636489868,0.525,1.2543548345565796,1,109,3.1309378147125244,"{""orientation_cued"": {}, ""motion_duration_cued"": {}, ""krauzlis_cued_motion"": {}, ""spatial_binding"": {}, ""image_recognition"": {}}"
8423,920,19384,five_tasks,0.7591490745544434,0.65,1.9851130247116089,1,109,3.1189939975738525,"{""orientation_cued"": {}, ""motion_duration_cued"": {}, ""krauzlis_cued_motion"": {}, ""spatial_binding"": {}, ""image_recognition"": {}}"
8424,960,20160,five_tasks,0.8108379364013671,0.6,1.3956034183502197,1,97,2.7936301231384277,"{""orientation_cued"": {}, ""motion_duration_cued"": {}, ""krauzlis_cued_motion"": {}, ""spatial_binding"": {}, ""image_recognition"": {}}"
8425,1000,21088,five_tasks,0.7898477196693421,0.625,1.2555625438690186,1,116,3.317357301712036,"{""orientation_cued"": {}, ""motion_duration_cued"": {}, ""krauzlis_cued_motion"": {}, ""spatial_binding"": {}, ""image_recognition"": {}}"
8426,1040,21960,five_tasks,0.8815232992172242,0.5,1.762902021408081,1,109,3.101999521255493,"{""orientation_cued"": {}, ""motion_duration_cued"": {}, ""krauzlis_cued_motion"": {}, ""spatial_binding"": {}, ""image_recognition"": {}}"
8427,1080,22928,five_tasks,0.8074464082717896,0.5,2.6388041973114014,1,121,3.5141284465789795,"{""orientation_cued"": {}, ""motion_duration_cued"": {}, ""krauzlis_cued_motion"": {}, ""spatial_binding"": {}, ""image_recognition"": {}}"
8428,1120,23664,five_tasks,0.7220087379217148,0.6,1.6096270084381104,1,92,2.6761186122894287,"{""orientation_cued"": {}, ""motion_duration_cued"": {}, ""krauzlis_cued_motion"": {}, ""spatial_binding"": {}, ""image_recognition"": {}}"
8429,1160,24312,five_tasks,0.8713033080101014,0.4,1.1584677696228027,1,81,2.3706047534942627,"{""orientation_cued"": {}, ""motion_duration_cued"": {}, ""krauzlis_cued_motion"": {}, ""spatial_binding"": {}, ""image_recognition"": {}}"
8430,1200,25128,five_tasks,0.8290398120880127,0.525,1.5165200233459473,1,102,2.963747262954712,"{""orientation_cued"": {}, ""motion_duration_cued"": {}, ""krauzlis_cued_motion"": {}, ""spatial_binding"": {}, ""image_recognition"": {}}"
8431,1240,26056,five_tasks,0.8867171764373779,0.4,1.4204890727996826,1,116,3.298779249191284,"{""orientation_cued"": {}, ""motion_duration_cued"": {}, ""krauzlis_cued_motion"": {}, ""spatial_binding"": {}, ""image_recognition"": {}}"
8432,1280,27032,five_tasks,0.7641792625188828,0.575,1.923414707183838,1,122,3.5029306411743164,"{""orientation_cued"": {}, ""motion_duration_cued"": {}, ""krauzlis_cued_motion"": {}, ""spatial_binding"": {}, ""image_recognition"": {}}"
8433,1320,27648,five_tasks,0.7822078377008438,0.5,1.8492709398269653,1,77,2.2553317546844482,"{""orientation_cued"": {}, ""motion_duration_cued"": {}, ""krauzlis_cued_motion"": {}, ""spatial_binding"": {}, ""image_recognition"": {}}"
8434,1360,28320,five_tasks,0.8421004891395569,0.55,2.32260799407959,1,84,2.4643185138702393,"{""orientation_cued"": {}, ""motion_duration_cued"": {}, ""krauzlis_cued_motion"": {}, ""spatial_binding"": {}, ""image_recognition"": {}}"
8435,1400,29456,five_tasks,0.8950895071029663,0.45,2.941009283065796,1,142,4.02431058883667,"{""orientation_cued"": {}, ""motion_duration_cued"": {}, ""krauzlis_cued_motion"": {}, ""spatial_binding"": {}, ""image_recognition"": {}}"
8436,1440,30240,five_tasks,0.8648900508880615,0.475,2.2126388549804688,1,98,2.8353991508483887,"{""orientation_cued"": {}, ""motion_duration_cued"": {}, ""krauzlis_cued_motion"": {}, ""spatial_binding"": {}, ""image_recognition"": {}}"
8437,1480,31216,five_tasks,0.8259185552597046,0.55,1.338084101676941,1,122,3.4855172634124756,"{""orientation_cued"": {}, ""motion_duration_cued"": {}, ""krauzlis_cued_motion"": {}, ""spatial_binding"": {}, ""image_recognition"": {}}"
8438,1520,31992,five_tasks,0.8646495819091797,0.4,1.2852849960327148,1,97,2.7840776443481445,"{""orientation_cued"": {}, ""motion_duration_cued"": {}, ""krauzlis_cued_motion"": {}, ""spatial_binding"": {}, ""image_recognition"": {}}"
8439,1560,32704,five_tasks,0.894925343990326,0.5,1.9062784910202026,1,89,2.5687599182128906,"{""orientation_cued"": {}, ""motion_duration_cued"": {}, ""krauzlis_cued_motion"": {}, ""spatial_binding"": {}, ""image_recognition"": {}}"
8440,1600,33800,five_tasks,0.8635159015655518,0.4,1.7780793905258179,1,137,3.8452720642089844,"{""orientation_cued"": {}, ""motion_duration_cued"": {}, ""krauzlis_cued_motion"": {}, ""spatial_binding"": {}, ""image_recognition"": {}}"
8441,1640,34576,five_tasks,0.7276464521884918,0.55,1.2919753789901733,1,97,2.8107986450195312,"{""orientation_cued"": {}, ""motion_duration_cued"": {}, ""krauzlis_cued_motion"": {}, ""spatial_binding"": {}, ""image_recognition"": {}}"
8442,1680,35296,five_tasks,0.8749178290367127,0.4,1.917125940322876,1,90,2.5657248497009277,"{""orientation_cued"": {}, ""motion_duration_cued"": {}, ""krauzlis_cued_motion"": {}, ""spatial_binding"": {}, ""image_recognition"": {}}"
8443,1720,36080,five_tasks,0.745298507809639,0.525,1.5165135860443115,1,98,2.805988311767578,"{""orientation_cued"": {}, ""motion_duration_cued"": {}, ""krauzlis_cued_motion"": {}, ""spatial_binding"": {}, ""image_recognition"": {}}"
8444,1760,36912,five_tasks,0.8675305008888244,0.45,1.915289282798767,1,104,2.931727647781372,"{""orientation_cued"": {}, ""motion_duration_cued"": {}, ""krauzlis_cued_motion"": {}, ""spatial_binding"": {}, ""image_recognition"": {}}"
8445,1800,37808,five_tasks,0.7300369873642921,0.5,0.9437986016273499,0,112,3.1882741451263428,"{""orientation_cued"": {}, ""motion_duration_cued"": {}, ""krauzlis_cued_motion"": {}, ""spatial_binding"": {}, ""image_recognition"": {}}"
8446,1840,38608,five_tasks,0.8679948687553406,0.375,2.2173075675964355,1,100,2.870138168334961,"{""orientation_cued"": {}, ""motion_duration_cued"": {}, ""krauzlis_cued_motion"": {}, ""spatial_binding"": {}, ""image_recognition"": {}}"
8447,1880,39712,five_tasks,0.8615257024765015,0.45,1.5030571222305298,1,138,3.894618272781372,"{""orientation_cued"": {}, ""motion_duration_cued"": {}, ""krauzlis_cued_motion"": {}, ""spatial_binding"": {}, ""image_recognition"": {}}"
8448,1920,40320,five_tasks,0.8648923516273499,0.3,2.401686668395996,1,76,2.1738407611846924,"{""orientation_cued"": {}, ""motion_duration_cued"": {}, ""krauzlis_cued_motion"": {}, ""spatial_binding"": {}, ""image_recognition"": {}}"
8449,1960,41288,five_tasks,0.8239258646965026,0.525,1.3461213111877441,1,121,3.437307119369507,"{""orientation_cued"": {""first_sensory_field_gradient_norm"": 0.00010092330921906978, ""early_r_gradient_norm"": 0.0039666276425123215, ""early_r_rms"": 0.05167321115732193, ""early_a_gradient_norm"": 0.0001056226683431305, ""early_a_rms"": 0.0, ""late_r_gradient_norm"": 0.0008733880240470171, ""late_r_rms"": 0.1878783404827118, ""late_a_gradient_norm"": null, ""late_a_rms"": 0.016344087198376656, ""attention_gradient_norm"": 0.015345895662903786, ""encoder_gradient_norm"": 0.1398746222257614, ""per_frame_attention"": [{""memory_attention_mass"": 0.5068801641464233, ""memory_attention_mass_by_head"": [0.5002192258834839, 0.5135411620140076], ""attention_entropy_by_head"": [5.82304573059082, 5.822328567504883]}, {""memory_attention_mass"": 0.7347185611724854, ""memory_attention_mass_by_head"": [0.50443434715271, 0.9650028347969055], ""attention_entropy_by_head"": [5.822995185852051, 5.276027202606201]}, {""memory_attention_mass"": 0.7392683625221252, ""memory_attention_mass_by_head"": [0.5062150955200195, 0.9723218083381653], ""attention_entropy_by_head"": [5.82293176651001, 5.2500176429748535]}, {""memory_attention_mass"": 0.747506320476532, ""memory_attention_mass_by_head"": [0.5084434151649475, 0.9865692257881165], ""attention_entropy_by_head"": [5.82289981842041, 5.198925495147705]}, {""memory_attention_mass"": 0.7471582293510437, ""memory_attention_mass_by_head"": [0.5081183910369873, 0.9861980080604553], ""attention_entropy_by_head"": [5.822910785675049, 5.200430870056152]}, {""memory_attention_mass"": 0.7465832829475403, ""memory_attention_mass_by_head"": [0.5081459283828735, 0.985020637512207], ""attention_entropy_by_head"": [5.822909832000732, 5.205441474914551]}, {""memory_attention_mass"": 0.7458364367485046, ""memory_attention_mass_by_head"": [0.5083467364311218, 0.9833261966705322], ""attention_entropy_by_head"": [5.822903633117676, 5.2124834060668945]}, {""memory_attention_mass"": 0.7394825220108032, ""memory_attention_mass_by_head"": [0.5095360279083252, 0.969429075717926], ""attention_entropy_by_head"": [5.822828769683838, 5.260965347290039]}], ""raw_recurrent_gradient_rms"": 1.1514076447838306e-07, ""state_stats"": {""inactive_fraction"": 0.7150286436080933, ""tau_r_mean"": 4.8829498291015625, ""tau_a_mean"": 37.79387283325195, ""adaptation_gain_mean"": 0.04524117708206177, ""memory_attention_mass"": 0.7394825220108032, ""memory_attention_mass_by_head"": [0.5095360279083252, 0.969429075717926], ""attention_entropy_by_head"": [5.822828769683838, 5.260965347290039]}}, ""motion_duration_cued"": {""first_sensory_field_gradient_norm"": 0.00015456494293175638, ""early_r_gradient_norm"": 0.0008743596845306456, ""early_r_rms"": 0.05131907016038895, ""early_a_gradient_norm"": 5.4019459639675915e-05, ""early_a_rms"": 0.0, ""late_r_gradient_norm"": 0.0022746643517166376, ""late_r_rms"": 0.2861575484275818, ""late_a_gradient_norm"": null, ""late_a_rms"": 0.0945567786693573, ""attention_gradient_norm"": 0.03339707478880882, ""encoder_gradient_norm"": 0.1416965276002884, ""per_frame_attention"": [{""memory_attention_mass"": 0.506477952003479, ""memory_attention_mass_by_head"": [0.5002135634422302, 0.5127423405647278], ""attention_entropy_by_head"": [5.8230462074279785, 5.82239294052124]}, {""memory_attention_mass"": 0.7401856184005737, ""memory_attention_mass_by_head"": [0.5045409798622131, 0.9758302569389343], ""attention_entropy_by_head"": [5.823002338409424, 5.239922523498535]}, {""memory_attention_mass"": 0.7419325113296509, ""memory_attention_mass_by_head"": [0.5042312741279602, 0.9796337485313416], ""attention_entropy_by_head"": [5.823008060455322, 5.225821018218994]}, {""memory_attention_mass"": 0.7418612241744995, ""memory_attention_mass_by_head"": [0.5044859051704407, 0.9792364835739136], ""attention_entropy_by_head"": [5.82300329208374, 5.226986885070801]}, {""memory_attention_mass"": 0.741634726524353, ""memory_attention_mass_by_head"": [0.5049648880958557, 0.9783045649528503], ""attention_entropy_by_head"": [5.822993278503418, 5.230447292327881]}, {""memory_attention_mass"": 0.7413066029548645, ""memory_attention_mass_by_head"": [0.5055665373802185, 0.9770466685295105], ""attention_entropy_by_head"": [5.822979927062988, 5.235480308532715]}, {""memory_attention_mass"": 0.7404663562774658, ""memory_attention_mass_by_head"": [0.50612473487854, 0.9748079180717468], ""attention_entropy_by_head"": [5.822966575622559, 5.2441086769104]}, {""memory_attention_mass"": 0.7384339570999146, ""memory_attention_mass_by_head"": [0.506596565246582, 0.9702711701393127], ""attention_entropy_by_head"": [5.822952747344971, 5.259650707244873]}, {""memory_attention_mass"": 0.7372961640357971, ""memory_attention_mass_by_head"": [0.5071227550506592, 0.9674695134162903], ""attention_entropy_by_head"": [5.822937965393066, 5.269738674163818]}, {""memory_attention_mass"": 0.7355309128761292, ""memory_attention_mass_by_head"": [0.5074276328086853, 0.9636342525482178], ""attention_entropy_by_head"": [5.822929382324219, 5.282264709472656]}, {""memory_attention_mass"": 0.7369996905326843, ""memory_attention_mass_by_head"": [0.5081809759140015, 0.9658184051513672], ""attention_entropy_by_head"": [5.822909355163574, 5.277157306671143]}, {""memory_attention_mass"": 0.7370282411575317, ""memory_attention_mass_by_head"": [0.5084325671195984, 0.9656240344047546], ""attention_entropy_by_head"": [5.822901248931885, 5.2777862548828125]}, {""memory_attention_mass"": 0.7373183369636536, ""memory_attention_mass_by_head"": [0.5085798501968384, 0.9660567045211792], ""attention_entropy_by_head"": [5.822896480560303, 5.276340007781982]}, {""memory_attention_mass"": 0.737643301486969, ""memory_attention_mass_by_head"": [0.5086796879768372, 0.9666069149971008], ""attention_entropy_by_head"": [5.822892665863037, 5.274484634399414]}, {""memory_attention_mass"": 0.7379482984542847, ""memory_attention_mass_by_head"": [0.5087561011314392, 0.9671403169631958], ""attention_entropy_by_head"": [5.822890281677246, 5.272671222686768]}, {""memory_attention_mass"": 0.7382209300994873, ""memory_attention_mass_by_head"": [0.5088229179382324, 0.9676189422607422], ""attention_entropy_by_head"": [5.822887897491455, 5.271030902862549]}, {""memory_attention_mass"": 0.7384589910507202, ""memory_attention_mass_by_head"": [0.5088860392570496, 0.9680319428443909], ""attention_entropy_by_head"": [5.822885990142822, 5.26961088180542]}, {""memory_attention_mass"": 0.7386687994003296, ""memory_attention_mass_by_head"": [0.5089468359947205, 0.9683906435966492], ""attention_entropy_by_head"": [5.822883605957031, 5.268374919891357]}, {""memory_attention_mass"": 0.738853931427002, ""memory_attention_mass_by_head"": [0.5090048313140869, 0.9687030911445618], ""attention_entropy_by_head"": [5.822881698608398, 5.267297267913818]}, {""memory_attention_mass"": 0.7390186190605164, ""memory_attention_mass_by_head"": [0.5090603232383728, 0.9689769744873047], ""attention_entropy_by_head"": [5.822879791259766, 5.2663493156433105]}, {""memory_attention_mass"": 0.7391651272773743, ""memory_attention_mass_by_head"": [0.5091137886047363, 0.9692164659500122], ""attention_entropy_by_head"": [5.822877883911133, 5.265517234802246]}, {""memory_attention_mass"": 0.7392960786819458, ""memory_attention_mass_by_head"": [0.5091652870178223, 0.9694267511367798], ""attention_entropy_by_head"": [5.8228759765625, 5.264782428741455]}, {""memory_attention_mass"": 0.7394143342971802, ""memory_attention_mass_by_head"": [0.5092143416404724, 0.9696143269538879], ""attention_entropy_by_head"": [5.822874069213867, 5.264123916625977]}, {""memory_attention_mass"": 0.7395209074020386, ""memory_attention_mass_by_head"": [0.5092594623565674, 0.9697823524475098], ""attention_entropy_by_head"": [5.822872638702393, 5.26353120803833]}, {""memory_attention_mass"": 0.739616334438324, ""memory_attention_mass_by_head"": [0.5092994570732117, 0.969933271408081], ""attention_entropy_by_head"": [5.822871208190918, 5.262998104095459]}, {""memory_attention_mass"": 0.7397012114524841, ""memory_attention_mass_by_head"": [0.5093336701393127, 0.9700687527656555], ""attention_entropy_by_head"": [5.822870254516602, 5.262518882751465]}, {""memory_attention_mass"": 0.7397768497467041, ""memory_attention_mass_by_head"": [0.5093623399734497, 0.9701912999153137], ""attention_entropy_by_head"": [5.822868824005127, 5.262085914611816]}, {""memory_attention_mass"": 0.7398450374603271, ""memory_attention_mass_by_head"": [0.509386420249939, 0.9703035950660706], ""attention_entropy_by_head"": [5.8228678703308105, 5.26168966293335]}, {""memory_attention_mass"": 0.739907443523407, ""memory_attention_mass_by_head"": [0.5094068050384521, 0.9704080820083618], ""attention_entropy_by_head"": [5.822867393493652, 5.261321544647217]}, {""memory_attention_mass"": 0.7399654388427734, ""memory_attention_mass_by_head"": [0.5094246864318848, 0.9705061316490173], ""attention_entropy_by_head"": [5.822866439819336, 5.260976791381836]}, {""memory_attention_mass"": 0.740019679069519, ""memory_attention_mass_by_head"": [0.5094406008720398, 0.9705987572669983], ""attention_entropy_by_head"": [5.822866439819336, 5.260651111602783]}, {""memory_attention_mass"": 0.7400707006454468, ""memory_attention_mass_by_head"": [0.5094550251960754, 0.9706863164901733], ""attention_entropy_by_head"": [5.8228654861450195, 5.260342597961426]}, {""memory_attention_mass"": 0.7401184439659119, ""memory_attention_mass_by_head"": [0.5094683170318604, 0.9707685112953186], ""attention_entropy_by_head"": [5.822865009307861, 5.2600531578063965]}, {""memory_attention_mass"": 0.7401632070541382, ""memory_attention_mass_by_head"": [0.5094807147979736, 0.970845639705658], ""attention_entropy_by_head"": [5.822864532470703, 5.259782314300537]}, {""memory_attention_mass"": 0.7402510643005371, ""memory_attention_mass_by_head"": [0.5094897747039795, 0.9710124731063843], ""attention_entropy_by_head"": [5.822864055633545, 5.25924015045166]}], ""raw_recurrent_gradient_rms"": 4.2239523168063897e-07, ""state_stats"": {""inactive_fraction"": 0.7381888031959534, ""tau_r_mean"": 4.8829498291015625, ""tau_a_mean"": 37.79387283325195, ""adaptation_gain_mean"": 0.04524117708206177, ""memory_attention_mass"": 0.7402510643005371, ""memory_attention_mass_by_head"": [0.5094897747039795, 0.9710124731063843], ""attention_entropy_by_head"": [5.822864055633545, 5.25924015045166]}}, ""krauzlis_cued_motion"": {""first_sensory_field_gradient_norm"": 0.0003338998940307647, ""early_r_gradient_norm"": 0.00194248603656888, ""early_r_rms"": 0.05138901621103287, ""early_a_gradient_norm"": 3.7826135667273775e-05, ""early_a_rms"": 0.0, ""late_r_gradient_norm"": 0.001221128855831921, ""late_r_rms"": 0.2715822458267212, ""late_a_gradient_norm"": null, ""late_a_rms"": 0.07892712950706482, ""attention_gradient_norm"": 0.014282838441431522, ""encoder_gradient_norm"": 0.14391876757144928, ""per_frame_attention"": [{""memory_attention_mass"": 0.5066874027252197, ""memory_attention_mass_by_head"": [0.5002158880233765, 0.5131589770317078], ""attention_entropy_by_head"": [5.8230462074279785, 5.822366237640381]}, {""memory_attention_mass"": 0.7427351474761963, ""memory_attention_mass_by_head"": [0.5041992664337158, 0.9812710881233215], ""attention_entropy_by_head"": [5.823008060455322, 5.221282482147217]}, {""memory_attention_mass"": 0.7444227337837219, ""memory_attention_mass_by_head"": [0.5043757557868958, 0.9844697117805481], ""attention_entropy_by_head"": [5.823006629943848, 5.208662509918213]}, {""memory_attention_mass"": 0.7442938685417175, ""memory_attention_mass_by_head"": [0.5047114491462708, 0.9838762283325195], ""attention_entropy_by_head"": [5.823000907897949, 5.211068630218506]}, {""memory_attention_mass"": 0.7440125942230225, ""memory_attention_mass_by_head"": [0.5051848292350769, 0.9828402996063232], ""attention_entropy_by_head"": [5.822991847991943, 5.215271949768066]}, {""memory_attention_mass"": 0.7434289455413818, ""memory_attention_mass_by_head"": [0.5056821703910828, 0.9811757206916809], ""attention_entropy_by_head"": [5.822980880737305, 5.2219157218933105]}, {""memory_attention_mass"": 0.7425508499145508, ""memory_attention_mass_by_head"": [0.506148099899292, 0.9789534211158752], ""attention_entropy_by_head"": [5.822969436645508, 5.2305755615234375]}, {""memory_attention_mass"": 0.7409054040908813, ""memory_attention_mass_by_head"": [0.5065731406211853, 0.9752377867698669], ""attention_entropy_by_head"": [5.822957515716553, 5.244382858276367]}, {""memory_attention_mass"": 0.7398772239685059, ""memory_attention_mass_by_head"": [0.5069740414619446, 0.9727802276611328], ""attention_entropy_by_head"": [5.822946548461914, 5.2532477378845215]}, {""memory_attention_mass"": 0.7389063835144043, ""memory_attention_mass_by_head"": [0.5073056221008301, 0.9705071449279785], ""attention_entropy_by_head"": [5.822937488555908, 5.261336803436279]}, {""memory_attention_mass"": 0.7380460500717163, ""memory_attention_mass_by_head"": [0.5075556635856628, 0.968536376953125], ""attention_entropy_by_head"": [5.822929859161377, 5.268096446990967]}, {""memory_attention_mass"": 0.7374421954154968, ""memory_attention_mass_by_head"": [0.5077670812606812, 0.9671172499656677], ""attention_entropy_by_head"": [5.822922706604004, 5.27274751663208]}, {""memory_attention_mass"": 0.7369028329849243, ""memory_attention_mass_by_head"": [0.5079331994056702, 0.9658724069595337], ""attention_entropy_by_head"": [5.822917461395264, 5.276522636413574]}, {""memory_attention_mass"": 0.7369056344032288, ""memory_attention_mass_by_head"": [0.5080680251121521, 0.9657431244850159], ""attention_entropy_by_head"": [5.822913646697998, 5.277156829833984]}, {""memory_attention_mass"": 0.736909031867981, ""memory_attention_mass_by_head"": [0.5082026124000549, 0.9656153917312622], ""attention_entropy_by_head"": [5.822908878326416, 5.277583122253418]}, {""memory_attention_mass"": 0.7368905544281006, ""memory_attention_mass_by_head"": [0.508295476436615, 0.9654855132102966], ""attention_entropy_by_head"": [5.822906494140625, 5.2778778076171875]}, {""memory_attention_mass"": 0.7369968295097351, ""memory_attention_mass_by_head"": [0.5083900094032288, 0.9656036496162415], ""attention_entropy_by_head"": [5.822902679443359, 5.277486324310303]}, {""memory_attention_mass"": 0.7370144724845886, ""memory_attention_mass_by_head"": [0.5084885954856873, 0.9655404090881348], ""attention_entropy_by_head"": [5.822899341583252, 5.2775959968566895]}, {""memory_attention_mass"": 0.7371488809585571, ""memory_attention_mass_by_head"": [0.5086257457733154, 0.965671956539154], ""attention_entropy_by_head"": [5.822894096374512, 5.277143955230713]}, {""memory_attention_mass"": 0.7371760606765747, ""memory_attention_mass_by_head"": [0.5087358951568604, 0.9656161665916443], ""attention_entropy_by_head"": [5.822890281677246, 5.27720832824707]}, {""memory_attention_mass"": 0.7374417185783386, ""memory_attention_mass_by_head"": [0.5088253021240234, 0.9660581350326538], ""attention_entropy_by_head"": [5.822887420654297, 5.275956630706787]}, {""memory_attention_mass"": 0.7376909255981445, ""memory_attention_mass_by_head"": [0.5089280009269714, 0.9664539098739624], ""attention_entropy_by_head"": [5.8228840827941895, 5.274776935577393]}, {""memory_attention_mass"": 0.7379008531570435, ""memory_attention_mass_by_head"": [0.5089899301528931, 0.9668117761611938], ""attention_entropy_by_head"": [5.822881698608398, 5.273598670959473]}, {""memory_attention_mass"": 0.7378683090209961, ""memory_attention_mass_by_head"": [0.5090153217315674, 0.9667212963104248], ""attention_entropy_by_head"": [5.822880268096924, 5.273804664611816]}, {""memory_attention_mass"": 0.7379845976829529, ""memory_attention_mass_by_head"": [0.5090711116790771, 0.9668980240821838], ""attention_entropy_by_head"": [5.822878837585449, 5.273211479187012]}, {""memory_attention_mass"": 0.7381401062011719, ""memory_attention_mass_by_head"": [0.5090912580490112, 0.9671890139579773], ""attention_entropy_by_head"": [5.822878360748291, 5.272265434265137]}, {""memory_attention_mass"": 0.738292396068573, ""memory_attention_mass_by_head"": [0.5091530084609985, 0.9674317836761475], ""attention_entropy_by_head"": [5.8228759765625, 5.271512508392334]}, {""memory_attention_mass"": 0.7383068799972534, ""memory_attention_mass_by_head"": [0.5092064142227173, 0.9674074053764343], ""attention_entropy_by_head"": [5.822874069213867, 5.271425724029541]}, {""memory_attention_mass"": 0.7389611601829529, ""memory_attention_mass_by_head"": [0.5094032287597656, 0.9685191512107849], ""attention_entropy_by_head"": [5.822867393493652, 5.26797342300415]}], ""raw_recurrent_gradient_rms"": 1.8778766275318048e-07, ""state_stats"": {""inactive_fraction"": 0.7340052127838135, ""tau_r_mean"": 4.8829498291015625, ""tau_a_mean"": 37.79387283325195, ""adaptation_gain_mean"": 0.04524117708206177, ""memory_attention_mass"": 0.7389611601829529, ""memory_attention_mass_by_head"": [0.5094032287597656, 0.9685191512107849], ""attention_entropy_by_head"": [5.822867393493652, 5.26797342300415]}}, ""spatial_binding"": {""first_sensory_field_gradient_norm"": 3.5572851629694924e-05, ""early_r_gradient_norm"": 0.0004443859215825796, ""early_r_rms"": 0.05165194720029831, ""early_a_gradient_norm"": 9.622948709875345e-05, ""early_a_rms"": 0.0, ""late_r_gradient_norm"": 0.0015049909707158804, ""late_r_rms"": 0.29189544916152954, ""late_a_gradient_norm"": null, ""late_a_rms"": 0.08159352838993073, ""attention_gradient_norm"": 0.017208728939294815, ""encoder_gradient_norm"": 0.1271791309118271, ""per_frame_attention"": [{""memory_attention_mass"": 0.5069081783294678, ""memory_attention_mass_by_head"": [0.5002197027206421, 0.5135965943336487], ""attention_entropy_by_head"": [5.82304573059082, 5.822323322296143]}, {""memory_attention_mass"": 0.7356395125389099, ""memory_attention_mass_by_head"": [0.5044774413108826, 0.9668015837669373], ""attention_entropy_by_head"": [5.822993755340576, 5.270078182220459]}, {""memory_attention_mass"": 0.7405415773391724, ""memory_attention_mass_by_head"": [0.5064905285835266, 0.9745926856994629], ""attention_entropy_by_head"": [5.822926044464111, 5.242555618286133]}, {""memory_attention_mass"": 0.7475576996803284, ""memory_attention_mass_by_head"": [0.5085490942001343, 0.9865662455558777], ""attention_entropy_by_head"": [5.822896957397461, 5.198993682861328]}, {""memory_attention_mass"": 0.7471722364425659, ""memory_attention_mass_by_head"": [0.5081568956375122, 0.9861875772476196], ""attention_entropy_by_head"": [5.822909832000732, 5.200481414794922]}, {""memory_attention_mass"": 0.7466025948524475, ""memory_attention_mass_by_head"": [0.5081571936607361, 0.9850479364395142], ""attention_entropy_by_head"": [5.822909832000732, 5.205312728881836]}, {""memory_attention_mass"": 0.7458580136299133, ""memory_attention_mass_by_head"": [0.508356511592865, 0.9833595156669617], ""attention_entropy_by_head"": [5.822903633117676, 5.212323188781738]}, {""memory_attention_mass"": 0.7450350522994995, ""memory_attention_mass_by_head"": [0.508613109588623, 0.981456995010376], ""attention_entropy_by_head"": [5.822895526885986, 5.220008850097656]}, {""memory_attention_mass"": 0.7441989779472351, ""memory_attention_mass_by_head"": [0.508871853351593, 0.979526162147522], ""attention_entropy_by_head"": [5.822885990142822, 5.227604866027832]}, {""memory_attention_mass"": 0.7434056401252747, ""memory_attention_mass_by_head"": [0.5090974569320679, 0.9777138829231262], ""attention_entropy_by_head"": [5.822878360748291, 5.234556198120117]}, {""memory_attention_mass"": 0.7427626252174377, ""memory_attention_mass_by_head"": [0.5092556476593018, 0.976269543170929], ""attention_entropy_by_head"": [5.822872638702393, 5.239980697631836]}, {""memory_attention_mass"": 0.742279589176178, ""memory_attention_mass_by_head"": [0.5093562602996826, 0.9752029180526733], ""attention_entropy_by_head"": [5.822869300842285, 5.243934154510498]}, {""memory_attention_mass"": 0.7419267892837524, ""memory_attention_mass_by_head"": [0.5094214677810669, 0.9744320511817932], ""attention_entropy_by_head"": [5.822866916656494, 5.246767997741699]}, {""memory_attention_mass"": 0.7416699528694153, ""memory_attention_mass_by_head"": [0.5094663500785828, 0.9738736152648926], ""attention_entropy_by_head"": [5.822865009307861, 5.248812675476074]}, {""memory_attention_mass"": 0.7414799928665161, ""memory_attention_mass_by_head"": [0.5094993710517883, 0.9734607338905334], ""attention_entropy_by_head"": [5.822863578796387, 5.250322341918945]}, {""memory_attention_mass"": 0.7413341999053955, ""memory_attention_mass_by_head"": [0.5095248222351074, 0.9731435775756836], ""attention_entropy_by_head"": [5.82286262512207, 5.251482009887695]}, {""memory_attention_mass"": 0.7412173748016357, ""memory_attention_mass_by_head"": [0.5095449686050415, 0.9728897213935852], ""attention_entropy_by_head"": [5.822862148284912, 5.252410411834717]}, {""memory_attention_mass"": 0.7411206364631653, ""memory_attention_mass_by_head"": [0.5095607042312622, 0.9726804494857788], ""attention_entropy_by_head"": [5.822861194610596, 5.253176212310791]}, {""memory_attention_mass"": 0.7410389184951782, ""memory_attention_mass_by_head"": [0.5095728039741516, 0.9725050926208496], ""attention_entropy_by_head"": [5.822861194610596, 5.253817558288574]}, {""memory_attention_mass"": 0.7409694194793701, ""memory_attention_mass_by_head"": [0.5095818042755127, 0.9723570346832275], ""attention_entropy_by_head"": [5.8228607177734375, 5.254356861114502]}, {""memory_attention_mass"": 0.7409104108810425, ""memory_attention_mass_by_head"": [0.509588360786438, 0.9722325205802917], ""attention_entropy_by_head"": [5.8228607177734375, 5.254809379577637]}, {""memory_attention_mass"": 0.7408607006072998, ""memory_attention_mass_by_head"": [0.5095928907394409, 0.9721284508705139], ""attention_entropy_by_head"": [5.8228607177734375, 5.255186557769775]}, {""memory_attention_mass"": 0.7408187389373779, ""memory_attention_mass_by_head"": [0.509596049785614, 0.9720414876937866], ""attention_entropy_by_head"": [5.822860240936279, 5.2555012702941895]}, {""memory_attention_mass"": 0.7407834529876709, ""memory_attention_mass_by_head"": [0.5095983743667603, 0.9719686508178711], ""attention_entropy_by_head"": [5.822860240936279, 5.255764007568359]}, {""memory_attention_mass"": 0.740753710269928, ""memory_attention_mass_by_head"": [0.5095999836921692, 0.9719074368476868], ""attention_entropy_by_head"": [5.822860240936279, 5.255983829498291]}, {""memory_attention_mass"": 0.7407289147377014, ""memory_attention_mass_by_head"": [0.5096012949943542, 0.9718562960624695], ""attention_entropy_by_head"": [5.822859764099121, 5.256166934967041]}, {""memory_attention_mass"": 0.7407082915306091, ""memory_attention_mass_by_head"": [0.5096023678779602, 0.9718142151832581], ""attention_entropy_by_head"": [5.822859764099121, 5.256317615509033]}, {""memory_attention_mass"": 0.7381805777549744, ""memory_attention_mass_by_head"": [0.5095921754837036, 0.9667690992355347], ""attention_entropy_by_head"": [5.82285213470459, 5.271544933319092]}, {""memory_attention_mass"": 0.7330303192138672, ""memory_attention_mass_by_head"": [0.5104267001152039, 0.9556339383125305], ""attention_entropy_by_head"": [5.822794437408447, 5.305332183837891]}], ""raw_recurrent_gradient_rms"": 2.1587683818324876e-07, ""state_stats"": {""inactive_fraction"": 0.6998313069343567, ""tau_r_mean"": 4.8829498291015625, ""tau_a_mean"": 37.79387283325195, ""adaptation_gain_mean"": 0.04524117708206177, ""memory_attention_mass"": 0.7330303192138672, ""memory_attention_mass_by_head"": [0.5104267001152039, 0.9556339383125305], ""attention_entropy_by_head"": [5.822794437408447, 5.305332183837891]}}, ""image_recognition"": {""first_sensory_field_gradient_norm"": 0.00010215598013019189, ""early_r_gradient_norm"": 0.0017877129139378667, ""early_r_rms"": 0.05165194720029831, ""early_a_gradient_norm"": 0.00022222449479158968, ""early_a_rms"": 0.0, ""late_r_gradient_norm"": 0.008444750681519508, ""late_r_rms"": 0.44443386793136597, ""late_a_gradient_norm"": null, ""late_a_rms"": 0.11005199700593948, ""attention_gradient_norm"": 0.06528656929731369, ""encoder_gradient_norm"": 0.5742218494415283, ""per_frame_attention"": [{""memory_attention_mass"": 0.5069081783294678, ""memory_attention_mass_by_head"": [0.5002197027206421, 0.5135965943336487], ""attention_entropy_by_head"": [5.82304573059082, 5.822323322296143]}, {""memory_attention_mass"": 0.7050817608833313, ""memory_attention_mass_by_head"": [0.499801367521286, 0.9103620052337646], ""attention_entropy_by_head"": [5.823025703430176, 5.425567626953125]}, {""memory_attention_mass"": 0.596916139125824, ""memory_attention_mass_by_head"": [0.49426645040512085, 0.6995659470558167], ""attention_entropy_by_head"": [5.822944164276123, 5.673708915710449]}, {""memory_attention_mass"": 0.6153051853179932, ""memory_attention_mass_by_head"": [0.49424979090690613, 0.7363604307174683], ""attention_entropy_by_head"": [5.822941303253174, 5.668788433074951]}, {""memory_attention_mass"": 0.6733208894729614, ""memory_attention_mass_by_head"": [0.4962635338306427, 0.8503782749176025], ""attention_entropy_by_head"": [5.822999000549316, 5.528266906738281]}, {""memory_attention_mass"": 0.7028864622116089, ""memory_attention_mass_by_head"": [0.49735286831855774, 0.9084200859069824], ""attention_entropy_by_head"": [5.823009490966797, 5.416738033294678]}, {""memory_attention_mass"": 0.7198326587677002, ""memory_attention_mass_by_head"": [0.4984547197818756, 0.9412106871604919], ""attention_entropy_by_head"": [5.823019981384277, 5.339239120483398]}, {""memory_attention_mass"": 0.7250964641571045, ""memory_attention_mass_by_head"": [0.49882936477661133, 0.9513636827468872], ""attention_entropy_by_head"": [5.823019027709961, 5.311043739318848]}, {""memory_attention_mass"": 0.7266608476638794, ""memory_attention_mass_by_head"": [0.4996356964111328, 0.9536858797073364], ""attention_entropy_by_head"": [5.823028564453125, 5.306678771972656]}, {""memory_attention_mass"": 0.7296661734580994, ""memory_attention_mass_by_head"": [0.5001935362815857, 0.959138810634613], ""attention_entropy_by_head"": [5.823025703430176, 5.292813301086426]}, {""memory_attention_mass"": 0.7253298163414001, ""memory_attention_mass_by_head"": [0.5005647540092468, 0.9500949382781982], ""attention_entropy_by_head"": [5.823024272918701, 5.316832542419434]}, {""memory_attention_mass"": 0.7291794419288635, ""memory_attention_mass_by_head"": [0.5005909204483032, 0.9577680230140686], ""attention_entropy_by_head"": [5.823025703430176, 5.295693874359131]}, {""memory_attention_mass"": 0.7287318110466003, ""memory_attention_mass_by_head"": [0.5009731650352478, 0.9564904570579529], ""attention_entropy_by_head"": [5.823027610778809, 5.301450252532959]}, {""memory_attention_mass"": 0.7447430491447449, ""memory_attention_mass_by_head"": [0.5036596059799194, 0.9858266115188599], ""attention_entropy_by_head"": [5.823017120361328, 5.2001824378967285]}, {""memory_attention_mass"": 0.7477180361747742, ""memory_attention_mass_by_head"": [0.5046035647392273, 0.9908324480056763], ""attention_entropy_by_head"": [5.823001861572266, 5.1790666580200195]}, {""memory_attention_mass"": 0.7494492530822754, ""memory_attention_mass_by_head"": [0.5057625770568848, 0.9931359887123108], ""attention_entropy_by_head"": [5.822978496551514, 5.168528079986572]}, {""memory_attention_mass"": 0.74212247133255, ""memory_attention_mass_by_head"": [0.5041310787200928, 0.9801137447357178], ""attention_entropy_by_head"": [5.8229756355285645, 5.222754001617432]}, {""memory_attention_mass"": 0.7387811541557312, ""memory_attention_mass_by_head"": [0.5013307929039001, 0.9762315154075623], ""attention_entropy_by_head"": [5.823009490966797, 5.237381458282471]}, {""memory_attention_mass"": 0.7370378971099854, ""memory_attention_mass_by_head"": [0.5004166960716248, 0.9736592173576355], ""attention_entropy_by_head"": [5.823013782501221, 5.2463507652282715]}, {""memory_attention_mass"": 0.7358198761940002, ""memory_attention_mass_by_head"": [0.5001060962677002, 0.9715337157249451], ""attention_entropy_by_head"": [5.823013782501221, 5.253196716308594]}], ""raw_recurrent_gradient_rms"": 1.7116732351496466e-06, ""state_stats"": {""inactive_fraction"": 0.21074102818965912, ""tau_r_mean"": 4.8829498291015625, ""tau_a_mean"": 37.79387283325195, ""adaptation_gain_mean"": 0.04524117708206177, ""memory_attention_mass"": 0.7358198761940002, ""memory_attention_mass_by_head"": [0.5001060962677002, 0.9715337157249451], ""attention_entropy_by_head"": [5.823013782501221, 5.253196716308594]}}}"
8450,2000,42136,five_tasks,0.8324485301971436,0.45,1.7706152200698853,1,106,2.9489474296569824,"{""orientation_cued"": {}, ""motion_duration_cued"": {}, ""krauzlis_cued_motion"": {}, ""spatial_binding"": {}, ""image_recognition"": {}}"
8451,2040,43064,five_tasks,0.8800618529319764,0.35,1.9968934059143066,1,116,3.268688917160034,"{""orientation_cued"": {}, ""motion_duration_cued"": {}, ""krauzlis_cued_motion"": {}, ""spatial_binding"": {}, ""image_recognition"": {}}"
8452,2080,43776,five_tasks,0.8702897429466248,0.45,2.5154659748077393,1,89,2.5531153678894043,"{""orientation_cued"": {}, ""motion_duration_cued"": {}, ""krauzlis_cued_motion"": {}, ""spatial_binding"": {}, ""image_recognition"": {}}"
8453,2120,44800,five_tasks,0.7135886877775193,0.575,0.691618025302887,0,128,3.5099997520446777,"{""orientation_cued"": {}, ""motion_duration_cued"": {}, ""krauzlis_cued_motion"": {}, ""spatial_binding"": {}, ""image_recognition"": {}}"
8454,2160,45632,five_tasks,0.886184823513031,0.4,1.6172281503677368,1,104,2.9289066791534424,"{""orientation_cued"": {}, ""motion_duration_cued"": {}, ""krauzlis_cued_motion"": {}, ""spatial_binding"": {}, ""image_recognition"": {}}"
8455,2200,46384,five_tasks,0.8231219530105591,0.475,1.7971312999725342,1,94,2.684231996536255,"{""orientation_cued"": {}, ""motion_duration_cued"": {}, ""krauzlis_cued_motion"": {}, ""spatial_binding"": {}, ""image_recognition"": {}}"
8456,2240,47040,five_tasks,0.6880407318472862,0.575,1.5168700218200684,1,82,2.320221424102783,"{""orientation_cued"": {}, ""motion_duration_cued"": {}, ""krauzlis_cued_motion"": {}, ""spatial_binding"": {}, ""image_recognition"": {}}"
8457,2280,47792,five_tasks,0.8396305680274964,0.425,1.6316899061203003,1,94,2.64404034614563,"{""orientation_cued"": {}, ""motion_duration_cued"": {}, ""krauzlis_cued_motion"": {}, ""spatial_binding"": {}, ""image_recognition"": {}}"
8458,2320,48536,five_tasks,0.7380112811923027,0.55,1.0632145404815674,1,93,2.608649492263794,"{""orientation_cued"": {}, ""motion_duration_cued"": {}, ""krauzlis_cued_motion"": {}, ""spatial_binding"": {}, ""image_recognition"": {}}"
8459,2360,49368,five_tasks,0.8018127679824829,0.525,1.4036846160888672,1,104,2.917956829071045,"{""orientation_cued"": {}, ""motion_duration_cued"": {}, ""krauzlis_cued_motion"": {}, ""spatial_binding"": {}, ""image_recognition"": {}}"
8460,2400,50400,five_tasks,0.8488473176956177,0.45,0.8878207802772522,0,129,3.595731735229492,"{""orientation_cued"": {}, ""motion_duration_cued"": {}, ""krauzlis_cued_motion"": {}, ""spatial_binding"": {}, ""image_recognition"": {}}"
8461,2440,51112,five_tasks,0.9002325892448425,0.425,1.9046756029129028,1,89,2.5006844997406006,"{""orientation_cued"": {}, ""motion_duration_cued"": {}, ""krauzlis_cued_motion"": {}, ""spatial_binding"": {}, ""image_recognition"": {}}"
8462,2480,51976,five_tasks,0.9001421570777893,0.425,2.1239399909973145,1,108,3.0484910011291504,"{""orientation_cued"": {}, ""motion_duration_cued"": {}, ""krauzlis_cued_motion"": {}, ""spatial_binding"": {}, ""image_recognition"": {}}"
8463,2520,52616,five_tasks,0.6827779307961463,0.6,0.7186515927314758,0,80,2.2775931358337402,"{""orientation_cued"": {}, ""motion_duration_cued"": {}, ""krauzlis_cued_motion"": {}, ""spatial_binding"": {}, ""image_recognition"": {}}"
8464,2560,53736,five_tasks,0.868093729019165,0.475,2.1891934871673584,1,140,3.8777148723602295,"{""orientation_cued"": {}, ""motion_duration_cued"": {}, ""krauzlis_cued_motion"": {}, ""spatial_binding"": {}, ""image_recognition"": {}}"
8465,2600,54456,five_tasks,0.838437306880951,0.55,1.4232332706451416,1,90,2.586621046066284,"{""orientation_cued"": {}, ""motion_duration_cued"": {}, ""krauzlis_cued_motion"": {}, ""spatial_binding"": {}, ""image_recognition"": {}}"
8466,2640,55336,five_tasks,0.8528292894363403,0.45,1.2301325798034668,1,110,3.039003372192383,"{""orientation_cued"": {}, ""motion_duration_cued"": {}, ""krauzlis_cued_motion"": {}, ""spatial_binding"": {}, ""image_recognition"": {}}"
8467,2680,56264,five_tasks,0.787142527103424,0.575,1.0313608646392822,1,116,3.2244277000427246,"{""orientation_cued"": {}, ""motion_duration_cued"": {}, ""krauzlis_cued_motion"": {}, ""spatial_binding"": {}, ""image_recognition"": {}}"
8468,2720,57040,five_tasks,0.7071882642805576,0.525,0.9157127141952515,0,97,2.7466540336608887,"{""orientation_cued"": {}, ""motion_duration_cued"": {}, ""krauzlis_cued_motion"": {}, ""spatial_binding"": {}, ""image_recognition"": {}}"
8469,2760,57920,five_tasks,0.7074968792498112,0.525,0.7459219098091125,0,110,3.069138288497925,"{""orientation_cued"": {}, ""motion_duration_cued"": {}, ""krauzlis_cued_motion"": {}, ""spatial_binding"": {}, ""image_recognition"": {}}"
8470,2800,58760,five_tasks,0.8487539887428284,0.475,1.5828481912612915,1,105,2.9797773361206055,"{""orientation_cued"": {}, ""motion_duration_cued"": {}, ""krauzlis_cued_motion"": {}, ""spatial_binding"": {}, ""image_recognition"": {}}"
8471,2840,59608,five_tasks,0.8511808395385743,0.5,1.3881936073303223,1,106,3.0192785263061523,"{""orientation_cued"": {}, ""motion_duration_cued"": {}, ""krauzlis_cued_motion"": {}, ""spatial_binding"": {}, ""image_recognition"": {}}"
8472,2880,60480,five_tasks,0.9046233177185059,0.375,1.9605937004089355,1,109,3.1075100898742676,"{""orientation_cued"": {}, ""motion_duration_cued"": {}, ""krauzlis_cued_motion"": {}, ""spatial_binding"": {}, ""image_recognition"": {}}"
8473,2920,61448,five_tasks,0.8150092720985412,0.525,1.6649539470672607,1,121,3.478778839111328,"{""orientation_cued"": {}, ""motion_duration_cued"": {}, ""krauzlis_cued_motion"": {}, ""spatial_binding"": {}, ""image_recognition"": {}}"
8474,2960,62184,five_tasks,0.6893549613654614,0.6,0.7589970231056213,0,92,2.7136240005493164,"{""orientation_cued"": {}, ""motion_duration_cued"": {}, ""krauzlis_cued_motion"": {}, ""spatial_binding"": {}, ""image_recognition"": {}}"
8475,3000,63016,five_tasks,0.8713797092437744,0.425,1.3092188835144043,1,104,2.972808837890625,"{""orientation_cued"": {}, ""motion_duration_cued"": {}, ""krauzlis_cued_motion"": {}, ""spatial_binding"": {}, ""image_recognition"": {}}"
8476,3040,63768,five_tasks,0.8568502187728881,0.425,0.9172636270523071,0,94,2.7179853916168213,"{""orientation_cued"": {}, ""motion_duration_cued"": {}, ""krauzlis_cued_motion"": {}, ""spatial_binding"": {}, ""image_recognition"": {}}"
8477,3080,64864,five_tasks,0.8710194826126099,0.375,1.8406327962875366,1,137,3.8948144912719727,"{""orientation_cued"": {}, ""motion_duration_cued"": {}, ""krauzlis_cued_motion"": {}, ""spatial_binding"": {}, ""image_recognition"": {}}"
8478,3120,65808,five_tasks,0.8464401483535766,0.425,1.0822858810424805,1,118,3.366607904434204,"{""orientation_cued"": {}, ""motion_duration_cued"": {}, ""krauzlis_cued_motion"": {}, ""spatial_binding"": {}, ""image_recognition"": {}}"
8479,3160,66672,five_tasks,0.8451917290687561,0.45,1.1496195793151855,1,108,3.107151985168457,"{""orientation_cued"": {}, ""motion_duration_cued"": {}, ""krauzlis_cued_motion"": {}, ""spatial_binding"": {}, ""image_recognition"": {}}"
8480,3200,67288,five_tasks,0.7338078763335943,0.45,0.8084433674812317,0,77,2.2460808753967285,"{""orientation_cued"": {}, ""motion_duration_cued"": {}, ""krauzlis_cued_motion"": {}, ""spatial_binding"": {}, ""image_recognition"": {}}"
8481,3240,68072,five_tasks,0.6929893390275538,0.6,0.8648117780685425,0,98,2.864668846130371,"{""orientation_cued"": {}, ""motion_duration_cued"": {}, ""krauzlis_cued_motion"": {}, ""spatial_binding"": {}, ""image_recognition"": {}}"
8482,3280,68944,five_tasks,0.8690891623497009,0.475,1.9261244535446167,1,109,3.1396453380584717,"{""orientation_cued"": {}, ""motion_duration_cued"": {}, ""krauzlis_cued_motion"": {}, ""spatial_binding"": {}, ""image_recognition"": {}}"
8483,3320,69712,five_tasks,0.8567293047904968,0.425,2.6615962982177734,1,96,2.7831978797912598,"{""orientation_cued"": {}, ""motion_duration_cued"": {}, ""krauzlis_cued_motion"": {}, ""spatial_binding"": {}, ""image_recognition"": {}}"
8484,3360,70560,five_tasks,0.8099976181983948,0.55,1.190638780593872,1,106,3.042444944381714,"{""orientation_cued"": {}, ""motion_duration_cued"": {}, ""krauzlis_cued_motion"": {}, ""spatial_binding"": {}, ""image_recognition"": {}}"
8485,3400,71112,five_tasks,0.8514620900154114,0.525,2.061786413192749,1,69,2.024678945541382,"{""orientation_cued"": {}, ""motion_duration_cued"": {}, ""krauzlis_cued_motion"": {}, ""spatial_binding"": {}, ""image_recognition"": {}}"
8486,3440,72008,five_tasks,0.8724876642227173,0.35,1.2946239709854126,1,112,3.2170205116271973,"{""orientation_cued"": {}, ""motion_duration_cued"": {}, ""krauzlis_cued_motion"": {}, ""spatial_binding"": {}, ""image_recognition"": {}}"
8487,3480,72920,five_tasks,0.8363049745559692,0.525,1.6632136106491089,1,114,3.2921133041381836,"{""orientation_cued"": {}, ""motion_duration_cued"": {}, ""krauzlis_cued_motion"": {}, ""spatial_binding"": {}, ""image_recognition"": {}}"
8488,3520,73880,five_tasks,0.836518669128418,0.4,1.0034165382385254,1,120,3.3921008110046387,"{""orientation_cued"": {}, ""motion_duration_cued"": {}, ""krauzlis_cued_motion"": {}, ""spatial_binding"": {}, ""image_recognition"": {}}"
8489,3560,74688,five_tasks,0.88370441198349,0.425,1.8287467956542969,1,101,2.9557175636291504,"{""orientation_cued"": {}, ""motion_duration_cued"": {}, ""krauzlis_cued_motion"": {}, ""spatial_binding"": {}, ""image_recognition"": {}}"
8490,3600,75752,five_tasks,0.8197637081146241,0.5,1.2670212984085083,1,133,3.821739673614502,"{""orientation_cued"": {}, ""motion_duration_cued"": {}, ""krauzlis_cued_motion"": {}, ""spatial_binding"": {}, ""image_recognition"": {}}"
8491,3640,76504,five_tasks,0.6922888077795506,0.625,0.9099382758140564,0,94,2.7017900943756104,"{""orientation_cued"": {}, ""motion_duration_cued"": {}, ""krauzlis_cued_motion"": {}, ""spatial_binding"": {}, ""image_recognition"": {}}"
8492,3680,77344,five_tasks,0.710856394469738,0.575,0.6852369904518127,0,105,3.004335880279541,"{""orientation_cued"": {}, ""motion_duration_cued"": {}, ""krauzlis_cued_motion"": {}, ""spatial_binding"": {}, ""image_recognition"": {}}"
8493,3720,78112,five_tasks,0.7982302188873291,0.575,1.2416595220565796,1,96,2.765007972717285,"{""orientation_cued"": {}, ""motion_duration_cued"": {}, ""krauzlis_cued_motion"": {}, ""spatial_binding"": {}, ""image_recognition"": {}}"
8494,3760,79024,five_tasks,0.8551647305488587,0.375,0.9966884851455688,0,114,3.2048146724700928,"{""orientation_cued"": {}, ""motion_duration_cued"": {}, ""krauzlis_cued_motion"": {}, ""spatial_binding"": {}, ""image_recognition"": {}}"
8495,3800,79632,five_tasks,0.6963184341788292,0.6,0.7501867413520813,0,76,2.2405731678009033,"{""orientation_cued"": {}, ""motion_duration_cued"": {}, ""krauzlis_cued_motion"": {}, ""spatial_binding"": {}, ""image_recognition"": {}}"
8496,3840,80640,five_tasks,0.8202173829078674,0.55,1.131940484046936,1,126,3.5493597984313965,"{""orientation_cued"": {}, ""motion_duration_cued"": {}, ""krauzlis_cued_motion"": {}, ""spatial_binding"": {}, ""image_recognition"": {}}"
8497,3880,81472,five_tasks,0.8512714505195618,0.45,1.4368202686309814,1,104,2.980785608291626,"{""orientation_cued"": {}, ""motion_duration_cued"": {}, ""krauzlis_cued_motion"": {}, ""spatial_binding"": {}, ""image_recognition"": {}}"
8498,3920,82504,five_tasks,0.8816012263298034,0.375,2.538365125656128,1,129,3.6483218669891357,"{""orientation_cued"": {}, ""motion_duration_cued"": {}, ""krauzlis_cued_motion"": {}, ""spatial_binding"": {}, ""image_recognition"": {}}"
8499,3960,83400,five_tasks,0.6934852343052625,0.575,0.7277088165283203,0,112,3.2173523902893066,"{""orientation_cued"": {}, ""motion_duration_cued"": {}, ""krauzlis_cued_motion"": {}, ""spatial_binding"": {}, ""image_recognition"": {}}"
8500,4000,83992,five_tasks,0.6972181409597397,0.55,0.6581577062606812,0,74,2.135056495666504,"{""orientation_cued"": {}, ""motion_duration_cued"": {}, ""krauzlis_cued_motion"": {}, ""spatial_binding"": {}, ""image_recognition"": {}}"
8501,4040,84856,five_tasks,0.8324848532676696,0.45,0.852656900882721,0,108,3.121110200881958,"{""orientation_cued"": {}, ""motion_duration_cued"": {}, ""krauzlis_cued_motion"": {}, ""spatial_binding"": {}, ""image_recognition"": {}}"
8502,4080,85784,five_tasks,0.8672921657562256,0.5,1.775431752204895,1,116,3.2795705795288086,"{""orientation_cued"": {}, ""motion_duration_cued"": {}, ""krauzlis_cued_motion"": {}, ""spatial_binding"": {}, ""image_recognition"": {}}"
8503,4120,86760,five_tasks,0.8531046390533448,0.425,1.3185572624206543,1,122,3.453310012817383,"{""orientation_cued"": {}, ""motion_duration_cued"": {}, ""krauzlis_cued_motion"": {}, ""spatial_binding"": {}, ""image_recognition"": {}}"
8504,4160,87504,five_tasks,0.8546005368232727,0.35,1.1195356845855713,1,93,2.712402582168579,"{""orientation_cued"": {}, ""motion_duration_cued"": {}, ""krauzlis_cued_motion"": {}, ""spatial_binding"": {}, ""image_recognition"": {}}"
8505,4200,88288,five_tasks,0.8419442772865295,0.425,1.4953004121780396,1,98,2.7987494468688965,"{""orientation_cued"": {}, ""motion_duration_cued"": {}, ""krauzlis_cued_motion"": {}, ""spatial_binding"": {}, ""image_recognition"": {}}"
8506,4240,89032,five_tasks,0.8509104490280152,0.425,1.688259482383728,1,93,2.706589698791504,"{""orientation_cued"": {}, ""motion_duration_cued"": {}, ""krauzlis_cued_motion"": {}, ""spatial_binding"": {}, ""image_recognition"": {}}"
8507,4280,89784,five_tasks,0.8301634907722473,0.5,1.2176690101623535,1,94,2.6709232330322266,"{""orientation_cued"": {}, ""motion_duration_cued"": {}, ""krauzlis_cued_motion"": {}, ""spatial_binding"": {}, ""image_recognition"": {}}"
8508,4320,90720,five_tasks,0.6967067692428828,0.525,0.8722289800643921,0,117,3.335010051727295,"{""orientation_cued"": {}, ""motion_duration_cued"": {}, ""krauzlis_cued_motion"": {}, ""spatial_binding"": {}, ""image_recognition"": {}}"
8509,4360,91968,five_tasks,0.8440008759498596,0.4,1.0035501718521118,1,156,4.4279210567474365,"{""orientation_cued"": {}, ""motion_duration_cued"": {}, ""krauzlis_cued_motion"": {}, ""spatial_binding"": {}, ""image_recognition"": {}}"
8510,4400,92656,five_tasks,0.6953296283259988,0.6,0.4004514813423157,0,86,2.5088460445404053,"{""orientation_cued"": {}, ""motion_duration_cued"": {}, ""krauzlis_cued_motion"": {}, ""spatial_binding"": {}, ""image_recognition"": {}}"
8511,4440,93456,five_tasks,0.8327900648117066,0.5,1.082464575767517,1,100,2.867030382156372,"{""orientation_cued"": {}, ""motion_duration_cued"": {}, ""krauzlis_cued_motion"": {}, ""spatial_binding"": {}, ""image_recognition"": {}}"
8512,4480,94008,five_tasks,0.8578350305557251,0.525,1.159141182899475,1,69,2.0649445056915283,"{""orientation_cued"": {}, ""motion_duration_cued"": {}, ""krauzlis_cued_motion"": {}, ""spatial_binding"": {}, ""image_recognition"": {}}"
8513,4520,95272,five_tasks,0.8764145612716675,0.375,1.4323391914367676,1,158,4.430084943771362,"{""orientation_cued"": {}, ""motion_duration_cued"": {}, ""krauzlis_cued_motion"": {}, ""spatial_binding"": {}, ""image_recognition"": {}}"
8514,4560,95976,five_tasks,0.6840860288590193,0.625,0.6711536049842834,0,88,2.5788135528564453,"{""orientation_cued"": {}, ""motion_duration_cued"": {}, ""krauzlis_cued_motion"": {}, ""spatial_binding"": {}, ""image_recognition"": {}}"
8515,4600,96688,five_tasks,0.7093961488455534,0.525,0.6571736335754395,0,89,2.5927703380584717,"{""orientation_cued"": {}, ""motion_duration_cued"": {}, ""krauzlis_cued_motion"": {}, ""spatial_binding"": {}, ""image_recognition"": {}}"
8516,4640,97432,five_tasks,0.8199006915092468,0.45,0.9928795099258423,0,93,2.6982839107513428,"{""orientation_cued"": {}, ""motion_duration_cued"": {}, ""krauzlis_cued_motion"": {}, ""spatial_binding"": {}, ""image_recognition"": {}}"
8517,4680,98440,five_tasks,0.8355325579643249,0.45,1.337329387664795,1,126,3.6209700107574463,"{""orientation_cued"": {}, ""motion_duration_cued"": {}, ""krauzlis_cued_motion"": {}, ""spatial_binding"": {}, ""image_recognition"": {}}"
8518,4720,99304,five_tasks,0.8630320310592652,0.425,0.9549183249473572,0,108,3.1022350788116455,"{""orientation_cued"": {}, ""motion_duration_cued"": {}, ""krauzlis_cued_motion"": {}, ""spatial_binding"": {}, ""image_recognition"": {}}"
8519,4760,100152,five_tasks,0.8433669567108154,0.5,0.7647132277488708,0,106,3.038125991821289,"{""orientation_cued"": {}, ""motion_duration_cued"": {}, ""krauzlis_cued_motion"": {}, ""spatial_binding"": {}, ""image_recognition"": {}}"
8520,4800,100800,five_tasks,0.8112500905990601,0.575,1.1620508432388306,1,81,2.3930294513702393,"{""orientation_cued"": {}, ""motion_duration_cued"": {}, ""krauzlis_cued_motion"": {}, ""spatial_binding"": {}, ""image_recognition"": {}}"
8521,4840,101776,five_tasks,0.7928600907325745,0.6,0.9754759669303894,0,122,3.4685511589050293,"{""orientation_cued"": {}, ""motion_duration_cued"": {}, ""krauzlis_cued_motion"": {}, ""spatial_binding"": {}, ""image_recognition"": {}}"
8522,4880,102336,five_tasks,0.7188401006162166,0.5,0.7611168026924133,0,70,2.099311113357544,"{""orientation_cued"": {}, ""motion_duration_cued"": {}, ""krauzlis_cued_motion"": {}, ""spatial_binding"": {}, ""image_recognition"": {}}"
8523,4920,103248,five_tasks,0.836802089214325,0.65,1.0450363159179688,1,114,3.23276424407959,"{""orientation_cued"": {}, ""motion_duration_cued"": {}, ""krauzlis_cued_motion"": {}, ""spatial_binding"": {}, ""image_recognition"": {}}"
8524,4960,104176,five_tasks,0.814833152294159,0.5,0.8307252526283264,0,116,3.322270631790161,"{""orientation_cued"": {}, ""motion_duration_cued"": {}, ""krauzlis_cued_motion"": {}, ""spatial_binding"": {}, ""image_recognition"": {}}"
8525,5000,105136,five_tasks,0.8406050443649292,0.475,1.0784366130828857,1,120,3.4595887660980225,"{""orientation_cued"": {}, ""motion_duration_cued"": {}, ""krauzlis_cued_motion"": {}, ""spatial_binding"": {}, ""image_recognition"": {}}"
8526,5040,105712,five_tasks,0.7172545552253723,0.525,0.5787385106086731,0,72,2.104238748550415,"{""orientation_cued"": {}, ""motion_duration_cued"": {}, ""krauzlis_cued_motion"": {}, ""spatial_binding"": {}, ""image_recognition"": {}}"
8527,5080,106616,five_tasks,0.7151586981490254,0.5,0.4376085102558136,0,113,3.2747180461883545,"{""orientation_cued"": {}, ""motion_duration_cued"": {}, ""krauzlis_cued_motion"": {}, ""spatial_binding"": {}, ""image_recognition"": {}}"
8528,5120,107400,five_tasks,0.8134245276451111,0.575,0.8309361338615417,0,98,2.8456997871398926,"{""orientation_cued"": {}, ""motion_duration_cued"": {}, ""krauzlis_cued_motion"": {}, ""spatial_binding"": {}, ""image_recognition"": {}}"
8529,5160,108080,five_tasks,0.8524362921714783,0.35,1.1220879554748535,1,85,2.4495511054992676,"{""orientation_cued"": {}, ""motion_duration_cued"": {}, ""krauzlis_cued_motion"": {}, ""spatial_binding"": {}, ""image_recognition"": {}}"
8530,5200,109144,five_tasks,0.814146363735199,0.55,0.7797359824180603,0,133,3.78659725189209,"{""orientation_cued"": {}, ""motion_duration_cued"": {}, ""krauzlis_cued_motion"": {}, ""spatial_binding"": {}, ""image_recognition"": {}}"
8531,5240,109976,five_tasks,0.8353726506233216,0.475,0.8960890173912048,0,104,3.0148956775665283,"{""orientation_cued"": {}, ""motion_duration_cued"": {}, ""krauzlis_cued_motion"": {}, ""spatial_binding"": {}, ""image_recognition"": {}}"
8532,5280,110880,five_tasks,0.8728538036346436,0.375,1.1566451787948608,1,113,3.2318973541259766,"{""orientation_cued"": {}, ""motion_duration_cued"": {}, ""krauzlis_cued_motion"": {}, ""spatial_binding"": {}, ""image_recognition"": {}}"
8533,5320,111568,five_tasks,0.6900877528823912,0.475,0.5558526515960693,0,86,2.5312440395355225,"{""orientation_cued"": {}, ""motion_duration_cued"": {}, ""krauzlis_cued_motion"": {}, ""spatial_binding"": {}, ""image_recognition"": {}}"
8534,5360,112512,five_tasks,0.8544544219970703,0.4,0.8777141571044922,0,118,3.338737964630127,"{""orientation_cued"": {}, ""motion_duration_cued"": {}, ""krauzlis_cued_motion"": {}, ""spatial_binding"": {}, ""image_recognition"": {}}"
8535,5400,113184,five_tasks,0.8535724878311157,0.4,1.465861439704895,1,84,2.4574625492095947,"{""orientation_cued"": {}, ""motion_duration_cued"": {}, ""krauzlis_cued_motion"": {}, ""spatial_binding"": {}, ""image_recognition"": {}}"
8536,5440,114192,five_tasks,0.8288517355918884,0.55,0.7306913733482361,0,126,3.585723638534546,"{""orientation_cued"": {}, ""motion_duration_cued"": {}, ""krauzlis_cued_motion"": {}, ""spatial_binding"": {}, ""image_recognition"": {}}"
8537,5480,115184,five_tasks,0.8275489687919617,0.55,0.9527278542518616,0,124,3.5483171939849854,"{""orientation_cued"": {}, ""motion_duration_cued"": {}, ""krauzlis_cued_motion"": {}, ""spatial_binding"": {}, ""image_recognition"": {}}"
8538,5520,115928,five_tasks,0.8284513473510742,0.425,0.9442746043205261,0,93,2.6962215900421143,"{""orientation_cued"": {}, ""motion_duration_cued"": {}, ""krauzlis_cued_motion"": {}, ""spatial_binding"": {}, ""image_recognition"": {}}"
8539,5560,116760,five_tasks,0.8191054344177247,0.55,1.1159861087799072,1,104,2.9870831966400146,"{""orientation_cued"": {}, ""motion_duration_cued"": {}, ""krauzlis_cued_motion"": {}, ""spatial_binding"": {}, ""image_recognition"": {}}"
8540,5600,117640,five_tasks,0.8236593842506409,0.6,4.331925868988037,1,110,3.1346137523651123,"{""orientation_cued"": {}, ""motion_duration_cued"": {}, ""krauzlis_cued_motion"": {}, ""spatial_binding"": {}, ""image_recognition"": {}}"
8541,5640,118416,five_tasks,0.7323949189856649,0.5,6.4234538078308105,1,97,2.823575496673584,"{""orientation_cued"": {}, ""motion_duration_cued"": {}, ""krauzlis_cued_motion"": {}, ""spatial_binding"": {}, ""image_recognition"": {}}"
8542,5680,119160,five_tasks,0.7922617435455322,0.575,0.8752365708351135,0,93,2.6604416370391846,"{""orientation_cued"": {}, ""motion_duration_cued"": {}, ""krauzlis_cued_motion"": {}, ""spatial_binding"": {}, ""image_recognition"": {}}"
8543,5720,120120,five_tasks,0.6867688646540046,0.575,1.0172332525253296,1,120,3.4475367069244385,"{""orientation_cued"": {}, ""motion_duration_cued"": {}, ""krauzlis_cued_motion"": {}, ""spatial_binding"": {}, ""image_recognition"": {}}"
8544,5760,120960,five_tasks,0.8316526651382447,0.45,1.3343819379806519,1,105,3.0287020206451416,"{""orientation_cued"": {}, ""motion_duration_cued"": {}, ""krauzlis_cued_motion"": {}, ""spatial_binding"": {}, ""image_recognition"": {}}"
8545,5800,121904,five_tasks,0.803688132762909,0.475,0.7326340079307556,0,118,3.3770644664764404,"{""orientation_cued"": {}, ""motion_duration_cued"": {}, ""krauzlis_cued_motion"": {}, ""spatial_binding"": {}, ""image_recognition"": {}}"
8546,5840,122672,five_tasks,0.827190613746643,0.475,1.0710660219192505,1,96,2.7322795391082764,"{""orientation_cued"": {}, ""motion_duration_cued"": {}, ""krauzlis_cued_motion"": {}, ""spatial_binding"": {}, ""image_recognition"": {}}"
8547,5880,123424,five_tasks,0.8602787256240845,0.4,0.8763231039047241,0,94,2.741527795791626,"{""orientation_cued"": {}, ""motion_duration_cued"": {}, ""krauzlis_cued_motion"": {}, ""spatial_binding"": {}, ""image_recognition"": {}}"
8548,5920,124432,five_tasks,0.8521332979202271,0.525,1.366309642791748,1,126,3.5650851726531982,"{""orientation_cued"": {}, ""motion_duration_cued"": {}, ""krauzlis_cued_motion"": {}, ""spatial_binding"": {}, ""image_recognition"": {}}"
8549,5960,125264,five_tasks,0.8832422971725464,0.4,1.1685277223587036,1,104,2.991222858428955,"{""orientation_cued"": {}, ""motion_duration_cued"": {}, ""krauzlis_cued_motion"": {}, ""spatial_binding"": {}, ""image_recognition"": {}}"
8550,6000,126128,five_tasks,0.8972854018211365,0.425,1.7840067148208618,1,108,3.1154770851135254,"{""orientation_cued"": {}, ""motion_duration_cued"": {}, ""krauzlis_cued_motion"": {}, ""spatial_binding"": {}, ""image_recognition"": {}}"
