task,arm,n,BA,BA95_lo,BA95_hi,AUC,AUC95_lo,AUC95_hi
orientation_cued,deployed,512,0.4921875,0.44921875,0.537109375,0.4911651611328125,0.43972434997558596,0.5406955718994141
orientation_cued,gru_final_only,512,0.630859375,0.5859375,0.669921875,0.6588592529296875,0.6086261749267579,0.7058589935302734
orientation_cued,gru_time_separated,512,0.61328125,0.5703125,0.65234375,0.6473236083984375,0.5989467620849609,0.6932067871093749
orientation_cued,readout_final_only,512,0.498046875,0.45703125,0.5390625,0.49920654296875,0.4499187469482422,0.546939468383789
orientation_cued,readout_time_separated,512,0.51171875,0.46875,0.5546875,0.5085906982421875,0.458819580078125,0.5569469451904296
orientation_cued,early_final_only,512,0.908203125,0.882763671875,0.9316894531249997,0.96905517578125,0.9550930023193359,0.9806064605712891
orientation_cued,early_time_separated,512,0.93359375,0.912109375,0.953125,0.9762725830078125,0.9646141052246093,0.985809326171875
spatial_binding,deployed,512,0.5,0.455078125,0.541015625,0.4955291748046875,0.44491233825683596,0.5457202911376953
spatial_binding,gru_final_only,512,0.857421875,0.828125,0.884765625,0.928863525390625,0.9063240051269531,0.949481201171875
spatial_binding,gru_time_separated,512,0.876953125,0.84765625,0.9023925781249997,0.940216064453125,0.9190200805664063,0.9583297729492187
spatial_binding,readout_final_only,512,0.625,0.580078125,0.666015625,0.6801300048828125,0.6329299926757812,0.7270999908447265
spatial_binding,readout_time_separated,512,0.732421875,0.693359375,0.76953125,0.7763214111328125,0.7337284088134766,0.8172157287597657
spatial_binding,early_final_only,512,1.0,1.0,1.0,1.0,1.0,1.0
spatial_binding,early_time_separated,512,1.0,1.0,1.0,1.0,1.0,1.0
