delay,scale,phase,gate,region,value
0,0,sample,beta,cued,0.7721077799797058
0,0,sample,beta,uncued,0.766683042049408
0,0,sample,beta,background,0.5416034460067749
0,0,sample,alpha,cued,0.9424791932106018
0,0,sample,alpha,uncued,0.9410511255264282
0,0,sample,alpha,background,0.9525535702705383
0,0,probe,beta,cued,0.7822232246398926
0,0,probe,beta,uncued,0.7807847857475281
0,0,probe,beta,background,0.5433825254440308
0,0,probe,alpha,cued,0.9424040913581848
0,0,probe,alpha,uncued,0.9413955211639404
0,0,probe,alpha,background,0.9520089030265808
0,1,sample,beta,cued,0.8488369584083557
0,1,sample,beta,uncued,0.802365779876709
0,1,sample,beta,background,0.6201879978179932
0,1,sample,alpha,cued,0.8919847011566162
0,1,sample,alpha,uncued,0.904363751411438
0,1,sample,alpha,background,0.9127026200294495
0,1,probe,beta,cued,0.8116766214370728
0,1,probe,beta,uncued,0.7688339948654175
0,1,probe,beta,background,0.5790477395057678
0,1,probe,alpha,cued,0.8821758031845093
0,1,probe,alpha,uncued,0.8928410410881042
0,1,probe,alpha,background,0.9087720513343811
0,2,sample,beta,cued,0.9799721837043762
0,2,sample,beta,uncued,0.8764999508857727
0,2,sample,beta,background,0.7961769700050354
0,2,sample,alpha,cued,0.848186731338501
0,2,sample,alpha,uncued,0.9076757431030273
0,2,sample,alpha,background,0.9092335104942322
0,2,probe,beta,cued,0.9124162793159485
0,2,probe,beta,uncued,0.8260020017623901
0,2,probe,beta,background,0.7535983324050903
0,2,probe,alpha,cued,0.8936495184898376
0,2,probe,alpha,uncued,0.9099881052970886
0,2,probe,alpha,background,0.9132577180862427
4,0,sample,beta,cued,0.7721077799797058
4,0,sample,beta,uncued,0.766683042049408
4,0,sample,beta,background,0.5416034460067749
4,0,sample,alpha,cued,0.9424791932106018
4,0,sample,alpha,uncued,0.9410511255264282
4,0,sample,alpha,background,0.9525535702705383
4,0,blank,beta,cued,0.5762014389038086
4,0,blank,beta,uncued,0.5748679041862488
4,0,blank,beta,background,0.5373964905738831
4,0,blank,alpha,cued,0.9599816203117371
4,0,blank,alpha,uncued,0.9599970579147339
4,0,blank,alpha,background,0.9578589797019958
4,0,probe,beta,cued,0.7496539950370789
4,0,probe,beta,uncued,0.751863956451416
4,0,probe,beta,background,0.5367028117179871
4,0,probe,alpha,cued,0.9429230093955994
4,0,probe,alpha,uncued,0.9418541789054871
4,0,probe,alpha,background,0.9534776210784912
4,1,sample,beta,cued,0.8488369584083557
4,1,sample,beta,uncued,0.802365779876709
4,1,sample,beta,background,0.6201879978179932
4,1,sample,alpha,cued,0.8919847011566162
4,1,sample,alpha,uncued,0.904363751411438
4,1,sample,alpha,background,0.9127026200294495
4,1,blank,beta,cued,0.7698668837547302
4,1,blank,beta,uncued,0.7232903838157654
4,1,blank,beta,background,0.6187213063240051
4,1,blank,alpha,cued,0.9039275646209717
4,1,blank,alpha,uncued,0.9144134521484375
4,1,blank,alpha,background,0.9136791825294495
4,1,probe,beta,cued,0.8044959306716919
4,1,probe,beta,uncued,0.7696483731269836
4,1,probe,beta,background,0.5809686183929443
4,1,probe,alpha,cued,0.8849589228630066
4,1,probe,alpha,uncued,0.8932664394378662
4,1,probe,alpha,background,0.9096881747245789
4,2,sample,beta,cued,0.9799721837043762
4,2,sample,beta,uncued,0.8764999508857727
4,2,sample,beta,background,0.7961769700050354
4,2,sample,alpha,cued,0.848186731338501
4,2,sample,alpha,uncued,0.9076757431030273
4,2,sample,alpha,background,0.9092335104942322
4,2,blank,beta,cued,0.9423707127571106
4,2,blank,beta,uncued,0.8465462327003479
4,2,blank,beta,background,0.7892137765884399
4,2,blank,alpha,cued,0.8788433074951172
4,2,blank,alpha,uncued,0.9099295139312744
4,2,blank,alpha,background,0.9130158424377441
4,2,probe,beta,cued,0.8951742053031921
4,2,probe,beta,uncued,0.82912677526474
4,2,probe,beta,background,0.7550787925720215
4,2,probe,alpha,cued,0.8985569477081299
4,2,probe,alpha,uncued,0.9090738296508789
4,2,probe,alpha,background,0.9138334393501282
12,0,sample,beta,cued,0.7721077799797058
12,0,sample,beta,uncued,0.766683042049408
12,0,sample,beta,background,0.5416034460067749
12,0,sample,alpha,cued,0.9424791932106018
12,0,sample,alpha,uncued,0.9410511255264282
12,0,sample,alpha,background,0.9525535702705383
12,0,blank,beta,cued,0.533231794834137
12,0,blank,beta,uncued,0.5327872633934021
12,0,blank,beta,background,0.5342963337898254
12,0,blank,alpha,cued,0.9613540172576904
12,0,blank,alpha,uncued,0.9613589644432068
12,0,blank,alpha,background,0.9585523009300232
12,0,probe,beta,cued,0.7496539950370789
12,0,probe,beta,uncued,0.751863956451416
12,0,probe,beta,background,0.5367028117179871
12,0,probe,alpha,cued,0.9429230093955994
12,0,probe,alpha,uncued,0.9418541789054871
12,0,probe,alpha,background,0.9534776210784912
12,1,sample,beta,cued,0.8488369584083557
12,1,sample,beta,uncued,0.802365779876709
12,1,sample,beta,background,0.6201879978179932
12,1,sample,alpha,cued,0.8919847011566162
12,1,sample,alpha,uncued,0.904363751411438
12,1,sample,alpha,background,0.9127026200294495
12,1,blank,beta,cued,0.762916088104248
12,1,blank,beta,uncued,0.7180607914924622
12,1,blank,beta,background,0.6235173940658569
12,1,blank,alpha,cued,0.9040196537971497
12,1,blank,alpha,uncued,0.9132125377655029
12,1,blank,alpha,background,0.914531409740448
12,1,probe,beta,cued,0.803848147392273
12,1,probe,beta,uncued,0.7738097310066223
12,1,probe,beta,background,0.5841337442398071
12,1,probe,alpha,cued,0.8863327503204346
12,1,probe,alpha,uncued,0.8937351703643799
12,1,probe,alpha,background,0.9103553295135498
12,2,sample,beta,cued,0.9799721837043762
12,2,sample,beta,uncued,0.8764999508857727
12,2,sample,beta,background,0.7961769700050354
12,2,sample,alpha,cued,0.848186731338501
12,2,sample,alpha,uncued,0.9076757431030273
12,2,sample,alpha,background,0.9092335104942322
12,2,blank,beta,cued,0.9347779750823975
12,2,blank,beta,uncued,0.8503947854042053
12,2,blank,beta,background,0.7869015336036682
12,2,blank,alpha,cued,0.8855396509170532
12,2,blank,alpha,uncued,0.9108805656433105
12,2,blank,alpha,background,0.9132964015007019
12,2,probe,beta,cued,0.8904202580451965
12,2,probe,beta,uncued,0.8338462114334106
12,2,probe,beta,background,0.7571447491645813
12,2,probe,alpha,cued,0.8999835848808289
12,2,probe,alpha,uncued,0.9089667797088623
12,2,probe,alpha,background,0.9141111373901367
24,0,sample,beta,cued,0.7721077799797058
24,0,sample,beta,uncued,0.766683042049408
24,0,sample,beta,background,0.5416034460067749
24,0,sample,alpha,cued,0.9424791932106018
24,0,sample,alpha,uncued,0.9410511255264282
24,0,sample,alpha,background,0.9525535702705383
24,0,blank,beta,cued,0.5224893093109131
24,0,blank,beta,uncued,0.5222671031951904
24,0,blank,beta,background,0.533521294593811
24,0,blank,alpha,cued,0.961696982383728
24,0,blank,alpha,uncued,0.9616994857788086
24,0,blank,alpha,background,0.9587256908416748
24,0,probe,beta,cued,0.7496539950370789
24,0,probe,beta,uncued,0.751863956451416
24,0,probe,beta,background,0.5367028117179871
24,0,probe,alpha,cued,0.9429230093955994
24,0,probe,alpha,uncued,0.9418541789054871
24,0,probe,alpha,background,0.9534776210784912
24,1,sample,beta,cued,0.8488369584083557
24,1,sample,beta,uncued,0.802365779876709
24,1,sample,beta,background,0.6201879978179932
24,1,sample,alpha,cued,0.8919847011566162
24,1,sample,alpha,uncued,0.904363751411438
24,1,sample,alpha,background,0.9127026200294495
24,1,blank,beta,cued,0.7536624073982239
24,1,blank,beta,uncued,0.7127298712730408
24,1,blank,beta,background,0.6264489889144897
24,1,blank,alpha,cued,0.9062763452529907
24,1,blank,alpha,uncued,0.9140551686286926
24,1,blank,alpha,background,0.9152331948280334
24,1,probe,beta,cued,0.801533043384552
24,1,probe,beta,uncued,0.778127133846283
24,1,probe,beta,background,0.5883743166923523
24,1,probe,alpha,cued,0.8888198733329773
24,1,probe,alpha,uncued,0.8948906660079956
24,1,probe,alpha,background,0.9112191796302795
24,2,sample,beta,cued,0.9799721837043762
24,2,sample,beta,uncued,0.8764999508857727
24,2,sample,beta,background,0.7961769700050354
24,2,sample,alpha,cued,0.848186731338501
24,2,sample,alpha,uncued,0.9076757431030273
24,2,sample,alpha,background,0.9092335104942322
24,2,blank,beta,cued,0.929391622543335
24,2,blank,beta,uncued,0.8527582883834839
24,2,blank,beta,background,0.7889074087142944
24,2,blank,alpha,cued,0.8884146809577942
24,2,blank,alpha,uncued,0.9106362462043762
24,2,blank,alpha,background,0.9134072661399841
24,2,probe,beta,cued,0.8851142525672913
24,2,probe,beta,uncued,0.8411001563072205
24,2,probe,beta,background,0.7609457969665527
24,2,probe,alpha,cued,0.9015448093414307
24,2,probe,alpha,uncued,0.9086534976959229
24,2,probe,alpha,background,0.9144515991210938
