delay,scale,region,source_frame,mean_absolute_weight
0,0,cued,0,0.08089055866003036
0,0,cued,1,0.08037906885147095
0,0,cued,2,0.21704509854316711
0,0,cued,3,0.14736390113830566
0,0,uncued,0,0.07970578223466873
0,0,uncued,1,0.07840309292078018
0,0,uncued,2,0.2049749493598938
0,0,uncued,3,0.14741456508636475
0,0,background,0,0.02801920659840107
0,0,background,1,0.023582424968481064
0,0,background,2,0.03788914158940315
0,0,background,3,0.07290040701627731
0,1,cued,0,0.1884484887123108
0,1,cued,1,0.07814905792474747
0,1,cued,2,0.2184091955423355
0,1,cued,3,0.24922963976860046
0,1,uncued,0,0.19055722653865814
0,1,uncued,1,0.08611844480037689
0,1,uncued,2,0.2155006229877472
0,1,uncued,3,0.25063958764076233
0,1,background,0,0.07066258788108826
0,1,background,1,0.06139114871621132
0,1,background,2,0.13248413801193237
0,1,background,3,0.22815506160259247
0,2,cued,0,0.18175481259822845
0,2,cued,1,0.1090935692191124
0,2,cued,2,0.25924429297447205
0,2,cued,3,0.31391021609306335
0,2,uncued,0,0.1069464161992073
0,2,uncued,1,0.06631594151258469
0,2,uncued,2,0.16810372471809387
0,2,uncued,3,0.23925743997097015
0,2,background,0,0.09509577602148056
0,2,background,1,0.05263926461338997
0,2,background,2,0.13375332951545715
0,2,background,3,0.1837407350540161
4,0,cued,0,0.07805557548999786
4,0,cued,1,0.0730656310915947
4,0,cued,2,0.18223439157009125
4,0,cued,3,0.08876899629831314
4,0,cued,4,0.041077230125665665
4,0,cued,5,0.029436707496643066
4,0,cued,6,0.06573488563299179
4,0,cued,7,0.1263647824525833
4,0,uncued,0,0.07517649233341217
4,0,uncued,1,0.07138277590274811
4,0,uncued,2,0.17585326731204987
4,0,uncued,3,0.08547017723321915
4,0,uncued,4,0.03937603160738945
4,0,uncued,5,0.029741952195763588
4,0,uncued,6,0.06673909723758698
4,0,uncued,7,0.12889039516448975
4,0,background,0,0.022909265011548996
4,0,background,1,0.01481628604233265
4,0,background,2,0.02215069904923439
4,0,background,3,0.01269451528787613
4,0,background,4,0.011312363669276237
4,0,background,5,0.016861679032444954
4,0,background,6,0.03307164087891579
4,0,background,7,0.06682927161455154
4,1,cued,0,0.11047576367855072
4,1,cued,1,0.04928144812583923
4,1,cued,2,0.12581048905849457
4,1,cued,3,0.08324965089559555
4,1,cued,4,0.07118477672338486
4,1,cued,5,0.05509629473090172
4,1,cued,6,0.21810266375541687
4,1,cued,7,0.2481580525636673
4,1,uncued,0,0.09601765125989914
4,1,uncued,1,0.04860571026802063
4,1,uncued,2,0.12151283770799637
4,1,uncued,3,0.07984714210033417
4,1,uncued,4,0.06536152958869934
4,1,uncued,5,0.06358508765697479
4,1,uncued,6,0.22458086907863617
4,1,uncued,7,0.25419652462005615
4,1,background,0,0.03698959946632385
4,1,background,1,0.0234487596899271
4,1,background,2,0.04234791919589043
4,1,background,3,0.03236261382699013
4,1,background,4,0.03253902494907379
4,1,background,5,0.05182667076587677
4,1,background,6,0.14214536547660828
4,1,background,7,0.22674456238746643
4,2,cued,0,0.16625376045703888
4,2,cued,1,0.07625029236078262
4,2,cued,2,0.1773412674665451
4,2,cued,3,0.07842422276735306
4,2,cued,4,0.07724059373140335
4,2,cued,5,0.04294590279459953
4,2,cued,6,0.19274787604808807
4,2,cued,7,0.291382372379303
4,2,uncued,0,0.09635814279317856
4,2,uncued,1,0.042684007436037064
4,2,uncued,2,0.10711222141981125
4,2,uncued,3,0.07129430025815964
4,2,uncued,4,0.05436239764094353
4,2,uncued,5,0.03500182926654816
4,2,uncued,6,0.15170380473136902
4,2,uncued,7,0.23416298627853394
4,2,background,0,0.07193806022405624
4,2,background,1,0.03363950550556183
4,2,background,2,0.07846321910619736
4,2,background,3,0.062149614095687866
4,2,background,4,0.047249265015125275
4,2,background,5,0.03196278214454651
4,2,background,6,0.12415854632854462
4,2,background,7,0.1812610924243927
12,0,cued,0,0.06660198420286179
12,0,cued,1,0.06350724399089813
12,0,cued,2,0.1595424860715866
12,0,cued,3,0.07841644436120987
12,0,cued,4,0.03396332636475563
12,0,cued,5,0.0035669414792209864
12,0,cued,6,0.0038179385010153055
12,0,cued,7,0.0042040240950882435
12,0,cued,8,0.004802181385457516
12,0,cued,9,0.005740955006331205
12,0,cued,10,0.007252688053995371
12,0,cued,11,0.009875014424324036
12,0,cued,12,0.015471202321350574
12,0,cued,13,0.029436707496643066
12,0,cued,14,0.06573488563299179
12,0,cued,15,0.1263647824525833
12,0,uncued,0,0.06413745880126953
12,0,uncued,1,0.06214950606226921
12,0,uncued,2,0.15426741540431976
12,0,uncued,3,0.07575266808271408
12,0,uncued,4,0.0322687141597271
12,0,uncued,5,0.003616517409682274
12,0,uncued,6,0.0038611795753240585
12,0,uncued,7,0.004235006868839264
12,0,uncued,8,0.00482000969350338
12,0,uncued,9,0.005744711961597204
12,0,uncued,10,0.007244171109050512
12,0,uncued,11,0.009863982908427715
12,0,uncued,12,0.01553875207901001
12,0,uncued,13,0.029741952195763588
12,0,uncued,14,0.06673909723758698
12,0,uncued,15,0.12889039516448975
12,0,background,0,0.019095001742243767
12,0,background,1,0.011640581302344799
12,0,background,2,0.017609747126698494
12,0,background,3,0.009436452761292458
12,0,background,4,0.005862068850547075
12,0,background,5,0.003200685838237405
12,0,background,6,0.0034754269290715456
12,0,background,7,0.003828713670372963
12,0,background,8,0.004306019749492407
12,0,background,9,0.004989528562873602
12,0,background,10,0.0060081277042627335
12,0,background,11,0.0075975023210048676
12,0,background,12,0.010610828176140785
12,0,background,13,0.016861679032444954
12,0,background,14,0.03307164087891579
12,0,background,15,0.06682927161455154
12,1,cued,0,0.08206012845039368
12,1,cued,1,0.03633009269833565
12,1,cued,2,0.09333500266075134
12,1,cued,3,0.062208838760852814
12,1,cued,4,0.049674712121486664
12,1,cued,5,0.006243661977350712
12,1,cued,6,0.005429345648735762
12,1,cued,7,0.005631052423268557
12,1,cued,8,0.00635365629568696
12,1,cued,9,0.0073127648793160915
12,1,cued,10,0.008731952868402004
12,1,cued,11,0.011754168197512627
12,1,cued,12,0.02084093540906906
12,1,cued,13,0.0560145303606987
12,1,cued,14,0.2200765311717987
12,1,cued,15,0.2467224895954132
12,1,uncued,0,0.06955713033676147
12,1,uncued,1,0.034461475908756256
12,1,uncued,2,0.08649680018424988
12,1,uncued,3,0.0568576380610466
12,1,uncued,4,0.0407729335129261
12,1,uncued,5,0.005417641252279282
12,1,uncued,6,0.005270320922136307
12,1,uncued,7,0.005618836265057325
12,1,uncued,8,0.006255826447159052
12,1,uncued,9,0.0071931639686226845
12,1,uncued,10,0.008824744261801243
12,1,uncued,11,0.012605350464582443
12,1,uncued,12,0.023957693949341774
12,1,uncued,13,0.06460374593734741
12,1,uncued,14,0.22574375569820404
12,1,uncued,15,0.2544318437576294
12,1,background,0,0.023382870480418205
12,1,background,1,0.01509157381951809
12,1,background,2,0.02677997201681137
12,1,background,3,0.02021949551999569
12,1,background,4,0.014422556385397911
12,1,background,5,0.003795688273385167
12,1,background,6,0.0037645576521754265
12,1,background,7,0.0039987084455788136
12,1,background,8,0.0044548287987709045
12,1,background,9,0.005251149646937847
12,1,background,10,0.006894666701555252
12,1,background,11,0.01077533233910799
12,1,background,12,0.02109554223716259
12,1,background,13,0.05137942358851433
12,1,background,14,0.14192992448806763
12,1,background,15,0.22521589696407318
12,2,cued,0,0.15711642801761627
12,2,cued,1,0.0671578049659729
12,2,cued,2,0.15882450342178345
12,2,cued,3,0.06523824483156204
12,2,cued,4,0.05889308825135231
12,2,cued,5,0.009358859620988369
12,2,cued,6,0.00869900081306696
12,2,cued,7,0.009163313545286655
12,2,cued,8,0.010230322368443012
12,2,cued,9,0.011927008628845215
12,2,cued,10,0.014424420893192291
12,2,cued,11,0.018218204379081726
12,2,cued,12,0.024654945358633995
12,2,cued,13,0.04091033712029457
12,2,cued,14,0.1950419545173645
12,2,cued,15,0.28691670298576355
12,2,uncued,0,0.08432259410619736
12,2,uncued,1,0.03633947670459747
12,2,uncued,2,0.08926353603601456
12,2,uncued,3,0.05693541467189789
12,2,uncued,4,0.03972315415740013
12,2,uncued,5,0.006016194354742765
12,2,uncued,6,0.006035940255969763
12,2,uncued,7,0.0064804223366081715
12,2,uncued,8,0.007216592784970999
12,2,uncued,9,0.008261056616902351
12,2,uncued,10,0.009711435064673424
12,2,uncued,11,0.011913824826478958
12,2,uncued,12,0.016773177310824394
12,2,uncued,13,0.03450511395931244
12,2,uncued,14,0.15013530850410461
12,2,uncued,15,0.23519223928451538
12,2,background,0,0.0551450252532959
12,2,background,1,0.024589907377958298
12,2,background,2,0.05870678648352623
12,2,background,3,0.04552523046731949
12,2,background,4,0.033047862350940704
12,2,background,5,0.005949057638645172
12,2,background,6,0.006050051189959049
12,2,background,7,0.006591749377548695
12,2,background,8,0.007428170181810856
12,2,background,9,0.008548125624656677
12,2,background,10,0.010055270045995712
12,2,background,11,0.012319078668951988
12,2,background,12,0.01699966751039028
12,2,background,13,0.03243006020784378
12,2,background,14,0.12393543124198914
12,2,background,15,0.18016086518764496
24,0,cued,0,0.054875560104846954
24,0,cued,1,0.05288336053490639
24,0,cued,2,0.13355287909507751
24,0,cued,3,0.06458798795938492
24,0,cued,4,0.02761380933225155
24,0,cued,5,0.0022959092166274786
24,0,cued,6,0.0023694371338933706
24,0,cued,7,0.0024465981405228376
24,0,cued,8,0.0025277824606746435
24,0,cued,9,0.0026130054611712694
24,0,cued,10,0.002702604979276657
24,0,cued,11,0.00279706297442317
24,0,cued,12,0.00289704161696136
24,0,cued,13,0.0030033302027732134
24,0,cued,14,0.0031174984760582447
24,0,cued,15,0.003243172774091363
24,0,cued,16,0.003387348260730505
24,0,cued,17,0.0035669414792209864
24,0,cued,18,0.0038179385010153055
24,0,cued,19,0.0042040240950882435
24,0,cued,20,0.004802181385457516
24,0,cued,21,0.005740955006331205
24,0,cued,22,0.007252688053995371
24,0,cued,23,0.009875014424324036
24,0,cued,24,0.015471202321350574
24,0,cued,25,0.029436707496643066
24,0,cued,26,0.06573488563299179
24,0,cued,27,0.1263647824525833
24,0,uncued,0,0.05294569209218025
24,0,uncued,1,0.05183188617229462
24,0,uncued,2,0.12942513823509216
24,0,uncued,3,0.06263463199138641
24,0,uncued,4,0.02638949640095234
24,0,uncued,5,0.0023331050761044025
24,0,uncued,6,0.002407971303910017
24,0,uncued,7,0.0024865041486918926
24,0,uncued,8,0.002568958792835474
24,0,uncued,9,0.002655565273016691
24,0,uncued,10,0.0027466441970318556
24,0,uncued,11,0.0028425948694348335
24,0,uncued,12,0.0029439786449074745
24,0,uncued,13,0.0030515531543642282
24,0,uncued,14,0.0031669912859797478
24,0,uncued,15,0.0032935049384832382
24,0,uncued,16,0.003438361454755068
24,0,uncued,17,0.003616517409682274
24,0,uncued,18,0.0038611795753240585
24,0,uncued,19,0.004235006868839264
24,0,uncued,20,0.00482000969350338
24,0,uncued,21,0.005744711961597204
24,0,uncued,22,0.007244171109050512
24,0,uncued,23,0.009863982908427715
24,0,uncued,24,0.01553875207901001
24,0,uncued,25,0.029741952195763588
24,0,uncued,26,0.06673909723758698
24,0,uncued,27,0.12889039516448975
24,0,background,0,0.015183404088020325
24,0,background,1,0.009182698093354702
24,0,background,2,0.014009146951138973
24,0,background,3,0.007636317517608404
24,0,background,4,0.004636805970221758
24,0,background,5,0.0016475615557283163
24,0,background,6,0.0017293693963438272
24,0,background,7,0.001816276228055358
24,0,background,8,0.0019087368855252862
24,0,background,9,0.00200725719332695
24,0,background,10,0.0021124675404280424
24,0,background,11,0.002225306583568454
24,0,background,12,0.0023470758460462093
24,0,background,13,0.0024796060752123594
24,0,background,14,0.0026256584096699953
24,0,background,15,0.002789463847875595
24,0,background,16,0.002977638505399227
24,0,background,17,0.003200685838237405
24,0,background,18,0.0034754269290715456
24,0,background,19,0.003828713670372963
24,0,background,20,0.004306019749492407
24,0,background,21,0.004989528562873602
24,0,background,22,0.0060081277042627335
24,0,background,23,0.0075975023210048676
24,0,background,24,0.010610828176140785
24,0,background,25,0.016861679032444954
24,0,background,26,0.03307164087891579
24,0,background,27,0.06682927161455154
24,1,cued,0,0.054874055087566376
24,1,cued,1,0.024158082902431488
24,1,cued,2,0.06330779939889908
24,1,cued,3,0.041913703083992004
24,1,cued,4,0.03211678937077522
24,1,cued,5,0.003377704881131649
24,1,cued,6,0.0027371335308998823
24,1,cued,7,0.002781393937766552
24,1,cued,8,0.0031141135841608047
24,1,cued,9,0.0034531382843852043
24,1,cued,10,0.0037355704698711634
24,1,cued,11,0.0039835344068706036
24,1,cued,12,0.004208039958029985
24,1,cued,13,0.004422416910529137
24,1,cued,14,0.004639202728867531
24,1,cued,15,0.004867681302130222
24,1,cued,16,0.005116278305649757
24,1,cued,17,0.00539756566286087
24,1,cued,18,0.005717334803193808
24,1,cued,19,0.006108170375227928
24,1,cued,20,0.006618883926421404
24,1,cued,21,0.0073663899675011635
24,1,cued,22,0.008713043294847012
24,1,cued,23,0.011952557601034641
24,1,cued,24,0.022092849016189575
24,1,cued,25,0.06080199033021927
24,1,cued,26,0.22543102502822876
24,1,cued,27,0.24550096690654755
24,1,uncued,0,0.0452992282807827
24,1,uncued,1,0.022263145074248314
24,1,uncued,2,0.05631592124700546
24,1,uncued,3,0.036637235432863235
24,1,uncued,4,0.024694835767149925
24,1,uncued,5,0.0026368347462266684
24,1,uncued,6,0.0024003770668059587
24,1,uncued,7,0.0024671731516718864
24,1,uncued,8,0.0026565033476799726
24,1,uncued,9,0.002864317735657096
24,1,uncued,10,0.00306982290931046
24,1,uncued,11,0.003271212801337242
24,1,uncued,12,0.0034747037570923567
24,1,uncued,13,0.0036895598750561476
24,1,uncued,14,0.003921265713870525
24,1,uncued,15,0.004175374750047922
24,1,uncued,16,0.004460957832634449
24,1,uncued,17,0.0047812992706894875
24,1,uncued,18,0.005151260644197464
24,1,uncued,19,0.005602057557553053
24,1,uncued,20,0.006191227585077286
24,1,uncued,21,0.007088677957653999
24,1,uncued,22,0.008790290914475918
24,1,uncued,23,0.012890193611383438
24,1,uncued,24,0.025394320487976074
24,1,uncued,25,0.06857341527938843
24,1,uncued,26,0.22967955470085144
24,1,uncued,27,0.2538501024246216
24,1,background,0,0.012999140657484531
24,1,background,1,0.008487883023917675
24,1,background,2,0.014600693248212337
24,1,background,3,0.010544209741055965
24,1,background,4,0.007700031157582998
24,1,background,5,0.001752298092469573
24,1,background,6,0.0016951283905655146
24,1,background,7,0.001762964646331966
24,1,background,8,0.0018922538729384542
24,1,background,9,0.002044000430032611
24,1,background,10,0.002194672357290983
24,1,background,11,0.002342390362173319
24,1,background,12,0.0024942655581980944
24,1,background,13,0.002652931958436966
24,1,background,14,0.0028210896998643875
24,1,background,15,0.003001350676640868
24,1,background,16,0.003197120036929846
24,1,background,17,0.0034185200929641724
24,1,background,18,0.0036804690025746822
24,1,background,19,0.003994460217654705
24,1,background,20,0.0044187624007463455
24,1,background,21,0.005136237014085054
24,1,background,22,0.006708511617034674
24,1,background,23,0.01049023400992155
24,1,background,24,0.020724358037114143
24,1,background,25,0.05075646564364433
24,1,background,26,0.14031954109668732
24,1,background,27,0.22439275681972504
24,2,cued,0,0.14747054874897003
24,2,cued,1,0.061097998172044754
24,2,cued,2,0.1434488594532013
24,2,cued,3,0.05791225656867027
24,2,cued,4,0.052143801003694534
24,2,cued,5,0.005908392369747162
24,2,cued,6,0.004604476038366556
24,2,cued,7,0.004236361477524042
24,2,cued,8,0.004219614900648594
24,2,cued,9,0.004338676575571299
24,2,cued,10,0.004531265702098608
24,2,cued,11,0.004787547513842583
24,2,cued,12,0.005051766987890005
24,2,cued,13,0.00532847223803401
24,2,cued,14,0.005640752147883177
24,2,cued,15,0.006029806565493345
24,2,cued,16,0.006493817549198866
24,2,cued,17,0.007063708733767271
24,2,cued,18,0.007783150766044855
24,2,cued,19,0.008687708526849747
24,2,cued,20,0.009897813200950623
24,2,cued,21,0.011578943580389023
24,2,cued,22,0.013960042037069798
24,2,cued,23,0.01750168763101101
24,2,cued,24,0.02366376854479313
24,2,cued,25,0.04028138145804405
24,2,cued,26,0.19457606971263885
24,2,cued,27,0.2762303054332733
24,2,uncued,0,0.07175493240356445
24,2,uncued,1,0.03130334988236427
24,2,uncued,2,0.07397298514842987
24,2,uncued,3,0.046934373676776886
24,2,uncued,4,0.03204640373587608
24,2,uncued,5,0.0035131738986819983
24,2,uncued,6,0.0031303786672651768
24,2,uncued,7,0.0030570628587156534
24,2,uncued,8,0.0031249544117599726
24,2,uncued,9,0.003259514458477497
24,2,uncued,10,0.0034189694561064243
24,2,uncued,11,0.003585008205845952
24,2,uncued,12,0.0037630763836205006
24,2,uncued,13,0.003967606462538242
24,2,uncued,14,0.0042044734582304955
24,2,uncued,15,0.0044812546111643314
24,2,uncued,16,0.0048065283335745335
24,2,uncued,17,0.005191798321902752
24,2,uncued,18,0.005653975531458855
24,2,uncued,19,0.006236204877495766
24,2,uncued,20,0.006983291823416948
24,2,uncued,21,0.007986027747392654
24,2,uncued,22,0.00939611904323101
24,2,uncued,23,0.011615327559411526
24,2,uncued,24,0.016638394445180893
24,2,uncued,25,0.034942030906677246
24,2,uncued,26,0.15149372816085815
24,2,uncued,27,0.2361384481191635
24,2,background,0,0.042532481253147125
24,2,background,1,0.018591279163956642
24,2,background,2,0.04491464048624039
24,2,background,3,0.03432983532547951
24,2,background,4,0.024886900559067726
24,2,background,5,0.003305430058389902
24,2,background,6,0.0030105237383395433
24,2,background,7,0.0030041371937841177
24,2,background,8,0.003120789770036936
24,2,background,9,0.003286414546892047
24,2,background,10,0.0034707938320934772
24,2,background,11,0.0036661531776189804
24,2,background,12,0.0038780977483838797
24,2,background,13,0.004107842221856117
24,2,background,14,0.004370342008769512
24,2,background,15,0.004680761136114597
24,2,background,16,0.005048973951488733
24,2,background,17,0.005494424607604742
24,2,background,18,0.006040190812200308
24,2,background,19,0.0067166718654334545
24,2,background,20,0.007571492809802294
24,2,background,21,0.008692125789821148
24,2,background,22,0.010207973420619965
24,2,background,23,0.012497974559664726
24,2,background,24,0.017256924882531166
24,2,background,25,0.03280404210090637
24,2,background,26,0.12377182394266129
24,2,background,27,0.17855887115001678
