sweep,condition,n,ba,auc,accuracy,magnitude,ci_low,ci_high,delay,cue_scale,jitter,n_distractors,same_magnitude
magnitude,D0,512,0.70703125,0.858673095703125,0.70703125,2.5,0.6695549618320611,0.7414649163428657,,,,,
magnitude,D0,512,0.896484375,0.984619140625,0.896484375,5.0,0.8699186991869918,0.9196886057240112,,,,,
magnitude,D0,512,0.966796875,0.9998321533203125,0.966796875,7.5,0.9509060486757337,0.9812041823308271,,,,,
magnitude,D0,512,0.9921875,1.0,0.9921875,10.0,0.9832694230108401,0.9981481481481482,,,,,
magnitude,D0,512,1.0,1.0,1.0,15.0,1.0,1.0,,,,,
magnitude,D0,512,1.0,1.0,1.0,22.5,1.0,1.0,,,,,
magnitude,D0,512,1.0,1.0,1.0,30.0,1.0,1.0,,,,,
magnitude,D0,512,1.0,1.0,1.0,45.0,1.0,1.0,,,,,
magnitude,D4,512,0.75,0.9141845703125,0.75,2.5,0.7175937774562061,0.7824691157623134,,,,,
magnitude,D4,512,0.962890625,0.999053955078125,0.962890625,5.0,0.9465597671901963,0.9776435986943512,,,,,
magnitude,D4,512,1.0,1.0,1.0,7.5,1.0,1.0,,,,,
magnitude,D4,512,1.0,1.0,1.0,10.0,1.0,1.0,,,,,
magnitude,D4,512,1.0,1.0,1.0,15.0,1.0,1.0,,,,,
magnitude,D4,512,1.0,1.0,1.0,22.5,1.0,1.0,,,,,
magnitude,D4,512,1.0,1.0,1.0,30.0,1.0,1.0,,,,,
magnitude,D4,512,1.0,1.0,1.0,45.0,1.0,1.0,,,,,
magnitude,D12,512,0.76171875,0.9119720458984375,0.76171875,2.5,0.7303134471681489,0.7946857497531434,,,,,
magnitude,D12,512,0.953125,0.9976043701171875,0.953125,5.0,0.9335905997983871,0.9702779487568933,,,,,
magnitude,D12,512,1.0,1.0,1.0,7.5,1.0,1.0,,,,,
magnitude,D12,512,1.0,1.0,1.0,10.0,1.0,1.0,,,,,
magnitude,D12,512,1.0,1.0,1.0,15.0,1.0,1.0,,,,,
magnitude,D12,512,1.0,1.0,1.0,22.5,1.0,1.0,,,,,
magnitude,D12,512,1.0,1.0,1.0,30.0,1.0,1.0,,,,,
magnitude,D12,512,1.0,1.0,1.0,45.0,1.0,1.0,,,,,
magnitude,D24,512,0.779296875,0.8968353271484375,0.779296875,2.5,0.74575433503934,0.8115614291508734,,,,,
magnitude,D24,512,0.947265625,0.9946441650390625,0.947265625,5.0,0.927534551106115,0.9657080964606638,,,,,
magnitude,D24,512,0.99609375,0.999969482421875,0.99609375,7.5,0.9897948728671796,1.0,,,,,
magnitude,D24,512,1.0,1.0,1.0,10.0,1.0,1.0,,,,,
magnitude,D24,512,1.0,1.0,1.0,15.0,1.0,1.0,,,,,
magnitude,D24,512,1.0,1.0,1.0,22.5,1.0,1.0,,,,,
magnitude,D24,512,1.0,1.0,1.0,30.0,1.0,1.0,,,,,
magnitude,D24,512,1.0,1.0,1.0,45.0,1.0,1.0,,,,,
delay,delay,512,1.0,1.0,1.0,,1.0,1.0,0.0,,,,
delay,delay,512,1.0,1.0,1.0,,1.0,1.0,1.0,,,,
delay,delay,512,1.0,1.0,1.0,,1.0,1.0,2.0,,,,
delay,delay,512,1.0,1.0,1.0,,1.0,1.0,4.0,,,,
delay,delay,512,1.0,1.0,1.0,,1.0,1.0,8.0,,,,
delay,delay,512,1.0,1.0,1.0,,1.0,1.0,12.0,,,,
delay,delay,512,1.0,1.0,1.0,,1.0,1.0,16.0,,,,
delay,delay,512,1.0,1.0,1.0,,1.0,1.0,24.0,,,,
delay,delay,512,1.0,1.0,1.0,,1.0,1.0,32.0,,,,
delay,delay,512,1.0,1.0,1.0,,1.0,1.0,48.0,,,,
cue,cue,512,1.0,1.0,1.0,,1.0,1.0,,1.0,0.0,,
cue,cue,512,0.947265625,0.9964141845703125,0.947265625,,0.9270051937113981,0.9658645947426068,,1.0,2.0,,
cue,cue,512,0.849609375,0.9540252685546875,0.849609375,,0.821579090111214,0.8775101926162692,,1.0,4.0,,
cue,cue,512,0.89453125,0.9998321533203125,0.89453125,,0.8690427400468385,0.9200018587360594,,0.5,0.0,,
cue,cue,512,0.693359375,0.9304046630859375,0.693359375,,0.6640520716042922,0.7243906260589119,,0.5,2.0,,
cue,cue,512,0.6015625,0.829559326171875,0.6015625,,0.5775641430518048,0.6285556446241929,,0.5,4.0,,
cue,cue,512,0.537109375,0.7602996826171875,0.537109375,,0.521482285080253,0.5537206545717955,,0.25,0.0,,
cue,cue,512,0.5078125,0.6016693115234375,0.5078125,,0.5018313347236705,0.516245487364621,,0.25,2.0,,
cue,cue,512,0.5078125,0.5545196533203125,0.5078125,,0.501879523246318,0.5160658764088613,,0.25,4.0,,
cue,cue,512,0.5,0.5324249267578125,0.5,,0.5,0.5,,0.1,0.0,,
cue,cue,512,0.5,0.5164337158203125,0.5,,0.5,0.5,,0.1,2.0,,
cue,cue,512,0.5,0.5124664306640625,0.5,,0.5,0.5,,0.1,4.0,,
distraction,distraction,512,0.994140625,1.0,0.994140625,,0.9866907453632484,1.0,,,,0.0,False
distraction,distraction,512,0.994140625,1.0,0.994140625,,0.986842105263158,1.0,,,,0.0,True
distraction,distraction,512,1.0,1.0,1.0,,1.0,1.0,,,,1.0,False
distraction,distraction,512,1.0,1.0,1.0,,1.0,1.0,,,,1.0,True
distraction,distraction,512,1.0,1.0,1.0,,1.0,1.0,,,,2.0,False
distraction,distraction,512,1.0,1.0,1.0,,1.0,1.0,,,,2.0,True
distraction,distraction,512,1.0,1.0,1.0,,1.0,1.0,,,,3.0,False
distraction,distraction,512,1.0,1.0,1.0,,1.0,1.0,,,,3.0,True
