delay,scale,frame,r2
0,0,0,-0.1353411217642444
0,0,1,0.9962231345579204
0,0,2,0.9946993989195402
0,0,3,0.9790682247550558
0,1,0,-0.13534112176424418
0,1,1,0.925813590900422
0,1,2,0.9533269249428628
0,1,3,0.9141705148594905
0,2,0,-0.1353411217642444
0,2,1,0.765269341547362
0,2,2,0.6892403801847939
0,2,3,0.20090359299005622
4,0,0,-0.1353411217642444
4,0,1,0.9962231345579204
4,0,2,0.9946993989195402
4,0,3,0.9942803319664381
4,0,4,0.9947492092286736
4,0,5,0.9943599867710553
4,0,6,0.9943470353745572
4,0,7,0.9850617133246646
4,1,0,-0.13534112176424418
4,1,1,0.925813590900422
4,1,2,0.9533269249428628
4,1,3,0.9583842054102816
4,1,4,0.9619357130926077
4,1,5,0.9718720640770034
4,1,6,0.9726003514597666
4,1,7,0.9342475338978943
4,2,0,-0.1353411217642444
4,2,1,0.765269341547362
4,2,2,0.6892403801847939
4,2,3,0.5132908742470395
4,2,4,0.675037122498263
4,2,5,0.7484390153342694
4,2,6,0.7339507119284291
4,2,7,0.5695434452197063
12,0,0,-0.1353411217642444
12,0,1,0.9962231345579204
12,0,2,0.9946993989195402
12,0,3,0.9942803319664381
12,0,4,0.9947492092286736
12,0,5,0.9943599867710553
12,0,6,0.9943470353745572
12,0,7,0.9944413730700569
12,0,8,0.9944774540572148
12,0,9,0.9944376637496251
12,0,10,0.9943740152550831
12,0,11,0.9943192631737192
12,0,12,0.9942756118931063
12,0,13,0.9942372604810078
12,0,14,0.9941999651868382
12,0,15,0.9899196089474577
12,1,0,-0.13534112176424418
12,1,1,0.925813590900422
12,1,2,0.9533269249428628
12,1,3,0.9583842054102816
12,1,4,0.9619357130926077
12,1,5,0.9718720640770034
12,1,6,0.9726003514597666
12,1,7,0.9721942742168014
12,1,8,0.9718104294285839
12,1,9,0.9713131039756459
12,1,10,0.970624509627576
12,1,11,0.9696784785334995
12,1,12,0.9685767436729277
12,1,13,0.9673287293083047
12,1,14,0.9659704100497595
12,1,15,0.9375269270908526
12,2,0,-0.1353411217642444
12,2,1,0.765269341547362
12,2,2,0.6892403801847939
12,2,3,0.5132908742470395
12,2,4,0.675037122498263
12,2,5,0.7484390153342694
12,2,6,0.7339507119284291
12,2,7,0.7239066619339585
12,2,8,0.7211793683308364
12,2,9,0.7227481880491347
12,2,10,0.7264824063052365
12,2,11,0.7306246818798805
12,2,12,0.7356317006788776
12,2,13,0.7405470488904409
12,2,14,0.7463395929672139
12,2,15,0.5820874375971157
24,0,0,-0.1353411217642444
24,0,1,0.9962231345579204
24,0,2,0.9946993989195402
24,0,3,0.9942803319664381
24,0,4,0.9947492092286736
24,0,5,0.9943599867710553
24,0,6,0.9943470353745572
24,0,7,0.9944413730700569
24,0,8,0.9944774540572148
24,0,9,0.9944376637496251
24,0,10,0.9943740152550831
24,0,11,0.9943192631737192
24,0,12,0.9942756118931063
24,0,13,0.9942372604810078
24,0,14,0.9941999651868382
24,0,15,0.9941616441968243
24,0,16,0.9941216656102162
24,0,17,0.9940800403360123
24,0,18,0.9940370419857777
24,0,19,0.9939931551911775
24,0,20,0.9939487302447992
24,0,21,0.9939041758490852
24,0,22,0.9938598381954723
24,0,23,0.9938159026703084
24,0,24,0.9937726714640002
24,0,25,0.9937302458310535
24,0,26,0.9936886947442896
24,0,27,0.9917341680782943
24,1,0,-0.13534112176424418
24,1,1,0.925813590900422
24,1,2,0.9533269249428628
24,1,3,0.9583842054102816
24,1,4,0.9619357130926077
24,1,5,0.9718720640770034
24,1,6,0.9726003514597666
24,1,7,0.9721942742168014
24,1,8,0.9718104294285839
24,1,9,0.9713131039756459
24,1,10,0.970624509627576
24,1,11,0.9696784785334995
24,1,12,0.9685767436729277
24,1,13,0.9673287293083047
24,1,14,0.9659704100497595
24,1,15,0.964550410151276
24,1,16,0.9632663419635364
24,1,17,0.9620869616042661
24,1,18,0.9610162362641471
24,1,19,0.9600312096946118
24,1,20,0.959297112051785
24,1,21,0.9586845864639417
24,1,22,0.958067740728996
24,1,23,0.9575912773763704
24,1,24,0.9572753138824582
24,1,25,0.9570238379270372
24,1,26,0.9569064857574773
24,1,27,0.9185326734484662
24,2,0,-0.1353411217642444
24,2,1,0.765269341547362
24,2,2,0.6892403801847939
24,2,3,0.5132908742470395
24,2,4,0.675037122498263
24,2,5,0.7484390153342694
24,2,6,0.7339507119284291
24,2,7,0.7239066619339585
24,2,8,0.7211793683308364
24,2,9,0.7227481880491347
24,2,10,0.7264824063052365
24,2,11,0.7306246818798805
24,2,12,0.7356317006788776
24,2,13,0.7405470488904409
24,2,14,0.7463395929672139
24,2,15,0.7517454482471972
24,2,16,0.7558648892637879
24,2,17,0.7592188138557281
24,2,18,0.7603001591157105
24,2,19,0.7607376223458795
24,2,20,0.7599492905557313
24,2,21,0.7586769913381359
24,2,22,0.7566714540361886
24,2,23,0.7546228992340922
24,2,24,0.7518050195391867
24,2,25,0.7496472562959964
24,2,26,0.7482930830874408
24,2,27,0.5898366112228322
