task,model,n,balanced_accuracy,auc,accuracy_wilson_low,accuracy_wilson_high,paired_gain,paired_gain_low,paired_gain_high
orientation_cued,deployed,512,0.486328125,0.4851531982421875,0.44329802162502957,0.529561856617393,0.0,0.0,0.0
orientation_cued,label_prior,512,0.5,0.5,0.45685206921855254,0.5431479307814475,0.013671875,-0.044921875,0.072265625
orientation_cued,label_only_relation,512,0.4921875,0.5027694702148438,0.4491029768906998,0.5353883821049703,0.005859375,-0.056640625,0.068359375
orientation_cued,shuffled_label_relation,512,0.53125,0.5506591796875,0.4879530781828059,0.5740814858345139,0.044921875,-0.015625,0.10546875
orientation_cued,aux_supervised_structured,512,0.916015625,0.9772796630859375,0.8887825040202603,0.9370526294603102,0.4296875,0.37890625,0.478515625
spatial_binding,deployed,512,0.5078125,0.4964447021484375,0.4646116178950297,0.5508970231093002,0.0,0.0,0.0
spatial_binding,label_prior,512,0.5,0.5,0.45685206921855254,0.5431479307814475,-0.0078125,-0.068408203125,0.0546875
spatial_binding,label_only_relation,512,0.5625,0.58038330078125,0.5192225235093384,0.6048466045253014,0.0546875,-0.00390625,0.11328125
spatial_binding,shuffled_label_relation,512,0.541015625,0.5435943603515625,0.49770658608547097,0.5837137791872614,0.033203125,-0.029296875,0.09375
spatial_binding,aux_supervised_structured,512,1.0,1.0,0.9925530242771178,1.0,0.4921875,0.447265625,0.53515625
