dataset,scale,head,quantity,frame,n,target_minus_meanfoil,low,high
orientation_cued_D12,0,0,beta,0,16,0.0007079169154167175,0.00010682269930839539,0.0014166710898280098
orientation_cued_D12,0,0,beta,1,16,0.024452139933904014,-0.004869466802726191,0.05090518603101372
orientation_cued_D12,0,0,beta,2,16,0.01862175638477008,-0.013582241938759877,0.046954665984958385
orientation_cued_D12,0,0,beta,3,16,0.010978210717439665,-0.04278248026967047,0.061428301626195524
orientation_cued_D12,0,0,beta,4,16,0.011882580816745765,-0.04278287679577867,0.06315564426283043
orientation_cued_D12,0,0,beta,5,16,0.0,0.0,0.0
orientation_cued_D12,0,0,beta,6,16,0.0,0.0,0.0
orientation_cued_D12,0,0,beta,7,16,0.0,0.0,0.0
orientation_cued_D12,0,0,beta,8,16,0.0,0.0,0.0
orientation_cued_D12,0,0,beta,9,16,0.0,0.0,0.0
orientation_cued_D12,0,0,beta,10,16,0.0,0.0,0.0
orientation_cued_D12,0,0,beta,11,16,0.0,0.0,0.0
orientation_cued_D12,0,0,beta,12,16,0.0,0.0,0.0
orientation_cued_D12,0,0,beta,13,16,0.0,0.0,0.0
orientation_cued_D12,0,0,beta,14,16,0.0,0.0,0.0
orientation_cued_D12,0,0,beta,15,16,0.026861516137917846,0.003297887866695731,0.05061115790158509
orientation_cued_D12,0,1,beta,0,16,0.00010380148887634277,4.459172487258911e-06,0.0002416670322418213
orientation_cued_D12,0,1,beta,1,16,0.03221123168865841,-0.0042918053455650714,0.06549653494730592
orientation_cued_D12,0,1,beta,2,16,0.02227317541837691,-0.0042151991898815,0.04907290171831844
orientation_cued_D12,0,1,beta,3,16,-0.016498973593115814,-0.047932341803486156,0.016830629808828206
orientation_cued_D12,0,1,beta,4,16,-0.002806066224972415,-0.04293064828962087,0.035851048848902105
orientation_cued_D12,0,1,beta,5,16,0.0,0.0,0.0
orientation_cued_D12,0,1,beta,6,16,0.0,0.0,0.0
orientation_cued_D12,0,1,beta,7,16,0.0,0.0,0.0
orientation_cued_D12,0,1,beta,8,16,0.0,0.0,0.0
orientation_cued_D12,0,1,beta,9,16,0.0,0.0,0.0
orientation_cued_D12,0,1,beta,10,16,0.0,0.0,0.0
orientation_cued_D12,0,1,beta,11,16,0.0,0.0,0.0
orientation_cued_D12,0,1,beta,12,16,0.0,0.0,0.0
orientation_cued_D12,0,1,beta,13,16,0.0,0.0,0.0
orientation_cued_D12,0,1,beta,14,16,0.0,0.0,0.0
orientation_cued_D12,0,1,beta,15,16,0.020623004684845604,-0.009034241208185764,0.049869728491952016
orientation_cued_D12,1,0,beta,0,16,0.0845462866127491,0.08259190653140347,0.08666500132530928
orientation_cued_D12,1,0,beta,1,16,0.08907045796513557,0.0008601346208403397,0.16763790102365114
orientation_cued_D12,1,0,beta,2,16,0.07440528584023318,-0.010089049193387217,0.15101418510700262
orientation_cued_D12,1,0,beta,3,16,-0.022583736727635063,-0.08685191301628946,0.04756936719641089
orientation_cued_D12,1,0,beta,4,16,-0.02853843942284584,-0.09762371807980041,0.04627601210959255
orientation_cued_D12,1,0,beta,5,16,-0.0068624628086884805,-0.05357128103884557,0.04436492342501876
orientation_cued_D12,1,0,beta,6,16,-0.00717826746404171,-0.056391118265067534,0.04629996054184932
orientation_cued_D12,1,0,beta,7,16,-0.007354935631155968,-0.05781347990656893,0.04664071203830338
orientation_cued_D12,1,0,beta,8,16,-0.007447299857934311,-0.05824668022493521,0.046786821416268706
orientation_cued_D12,1,0,beta,9,16,-0.007505649700760838,-0.05795578096682826,0.04640432892677685
orientation_cued_D12,1,0,beta,10,16,-0.007560588419437405,-0.05779109504073858,0.045886714057996866
orientation_cued_D12,1,0,beta,11,16,-0.007611608753601708,-0.05765367597341537,0.04530888980564969
orientation_cued_D12,1,0,beta,12,16,-0.007668043176333107,-0.05728592948677639,0.04475003744785982
orientation_cued_D12,1,0,beta,13,16,-0.00772589879731337,-0.05687087640787164,0.044215171101192594
orientation_cued_D12,1,0,beta,14,16,-0.007786497473716736,-0.056414397743841015,0.04364969707094129
orientation_cued_D12,1,0,beta,15,16,0.08631132232646146,0.01456453258482119,0.15357364641192042
orientation_cued_D12,1,1,beta,0,16,0.027759288748105362,0.02521300263081988,0.030372645395497475
orientation_cued_D12,1,1,beta,1,16,0.024900569270054504,-0.02267045890912413,0.06662705593431988
orientation_cued_D12,1,1,beta,2,16,0.022985743979612963,-0.014307401577631652,0.05812795603026943
orientation_cued_D12,1,1,beta,3,16,-0.03596193343400956,-0.08374536295110982,0.011508043731252334
orientation_cued_D12,1,1,beta,4,16,-0.03124364217122396,-0.0930255461173753,0.029935161272684713
orientation_cued_D12,1,1,beta,5,16,-0.03996520551542441,-0.11976354918442667,0.045822430386518405
orientation_cued_D12,1,1,beta,6,16,-0.036058892806371055,-0.11526331398636104,0.04844319491336741
orientation_cued_D12,1,1,beta,7,16,-0.03423735623558361,-0.11268705995753406,0.04958491983513034
orientation_cued_D12,1,1,beta,8,16,-0.03333485995729764,-0.11159453738170368,0.049940822102750214
orientation_cued_D12,1,1,beta,9,16,-0.03284052697320779,-0.11088873281454045,0.0500971305184065
orientation_cued_D12,1,1,beta,10,16,-0.032548282916347177,-0.11029089108730356,0.05023319778653473
orientation_cued_D12,1,1,beta,11,16,-0.03235080651938916,-0.10980476054052511,0.05025509788344293
orientation_cued_D12,1,1,beta,12,16,-0.032195789118607834,-0.10937117484087744,0.05022022544095904
orientation_cued_D12,1,1,beta,13,16,-0.03206806443631648,-0.10898073654000957,0.050150157154227215
orientation_cued_D12,1,1,beta,14,16,-0.031956649695833506,-0.10860504324858386,0.05005274103023106
orientation_cued_D12,1,1,beta,15,16,0.025524949654936777,-0.035025090755273915,0.08235631825712818
orientation_cued_D12,2,0,beta,0,16,0.05529122551282248,0.02507627261802555,0.08783242817347249
orientation_cued_D12,2,0,beta,1,16,0.01404392098387082,-0.026613112290700278,0.05229898011311887
orientation_cued_D12,2,0,beta,2,16,0.031637428949276625,-0.00808736390123763,0.06616466036066414
orientation_cued_D12,2,0,beta,3,16,0.042866005251804985,0.01666486930722991,0.06568205884347358
orientation_cued_D12,2,0,beta,4,16,0.043835318336884185,0.016999666113406437,0.06779933910196025
orientation_cued_D12,2,0,beta,5,16,0.0046684506038824625,-0.01935684982066355,0.02792306852837401
orientation_cued_D12,2,0,beta,6,16,0.0033922443787256784,-0.0208256640471518,0.027337308662633054
orientation_cued_D12,2,0,beta,7,16,0.0026539837320645604,-0.02203225307166578,0.027075962846477817
orientation_cued_D12,2,0,beta,8,16,0.002055710802475623,-0.023310795488456874,0.026942550856620093
orientation_cued_D12,2,0,beta,9,16,0.0016852604846159594,-0.02382583512614171,0.026911669286588825
orientation_cued_D12,2,0,beta,10,16,0.0014614438017209255,-0.02425204673781993,0.026911950173477302
orientation_cued_D12,2,0,beta,11,16,0.0013413354754447937,-0.024456373074402418,0.026945603483666973
orientation_cued_D12,2,0,beta,12,16,0.0012764583031336582,-0.02464679799353083,0.026974837823460513
orientation_cued_D12,2,0,beta,13,16,0.0012530175348122938,-0.02496227497855822,0.027017269376665334
orientation_cued_D12,2,0,beta,14,16,0.0012594722211360931,-0.02515908821175494,0.027087615492443217
orientation_cued_D12,2,0,beta,15,16,0.0259275697171688,-0.02341946686307589,0.07141059953719375
orientation_cued_D12,2,1,beta,0,16,0.008080832660198212,-0.012807221276064727,0.02926370569815238
orientation_cued_D12,2,1,beta,1,16,0.00472595542669297,-0.013441456295549867,0.021122196068366364
orientation_cued_D12,2,1,beta,2,16,0.03888527303934097,0.024264798189202935,0.0541021006492277
orientation_cued_D12,2,1,beta,3,16,0.03808148081103962,0.019787122464428358,0.053864679671824005
orientation_cued_D12,2,1,beta,4,16,0.039842208226521826,0.02199113816022874,0.05475732215369741
orientation_cued_D12,2,1,beta,5,16,0.008396060516436897,-7.293705518048844e-05,0.01635979913795988
orientation_cued_D12,2,1,beta,6,16,0.00783086940646173,-0.0004976294934749556,0.015754528902471084
orientation_cued_D12,2,1,beta,7,16,0.007486330966154739,-0.000579831035186847,0.0153673805606862
orientation_cued_D12,2,1,beta,8,16,0.007247195889552423,-0.0006690990800658887,0.015028960723429878
orientation_cued_D12,2,1,beta,9,16,0.007093992084264748,-0.0007158177904784769,0.014798064871380702
orientation_cued_D12,2,1,beta,10,16,0.00699690356850622,-0.0007591663238903075,0.014652558571348567
orientation_cued_D12,2,1,beta,11,16,0.006931610405445092,-0.0008037932527562099,0.014595751247058315
orientation_cued_D12,2,1,beta,12,16,0.00688247879346212,-0.0008343667412797635,0.014578889279315875
orientation_cued_D12,2,1,beta,13,16,0.006844722976287208,-0.0008554259936014833,0.014487531222403047
orientation_cued_D12,2,1,beta,14,16,0.006814443816741317,-0.0008705634002883953,0.014453813247382624
orientation_cued_D12,2,1,beta,15,16,0.009370571623245866,-0.006061867531389007,0.02545729205012321
orientation_cued_D12,0,0,alpha_mean8,0,16,3.632158041000366e-05,-3.956258296966553e-06,9.607896208763123e-05
orientation_cued_D12,0,0,alpha_mean8,1,16,-0.0021163883308569637,-0.028028353738288096,0.023627435136586425
orientation_cued_D12,0,0,alpha_mean8,2,16,-0.0058860021332899914,-0.03181492111956081,0.02086176893984275
orientation_cued_D12,0,0,alpha_mean8,3,16,-0.003420870751142502,-0.026044713643689946,0.021359253084907923
orientation_cued_D12,0,0,alpha_mean8,4,16,0.00010100007057189248,-0.025400017139812332,0.026767385161171334
orientation_cued_D12,0,0,alpha_mean8,5,16,0.0,0.0,0.0
orientation_cued_D12,0,0,alpha_mean8,6,16,0.0,0.0,0.0
orientation_cued_D12,0,0,alpha_mean8,7,16,0.0,0.0,0.0
orientation_cued_D12,0,0,alpha_mean8,8,16,0.0,0.0,0.0
orientation_cued_D12,0,0,alpha_mean8,9,16,0.0,0.0,0.0
orientation_cued_D12,0,0,alpha_mean8,10,16,0.0,0.0,0.0
orientation_cued_D12,0,0,alpha_mean8,11,16,0.0,0.0,0.0
orientation_cued_D12,0,0,alpha_mean8,12,16,0.0,0.0,0.0
orientation_cued_D12,0,0,alpha_mean8,13,16,0.0,0.0,0.0
orientation_cued_D12,0,0,alpha_mean8,14,16,0.0,0.0,0.0
orientation_cued_D12,0,0,alpha_mean8,15,16,-0.005699660629034042,-0.03038680050522089,0.0191955570441981
orientation_cued_D12,0,1,alpha_mean8,0,16,3.775209188461304e-05,4.3585896492004395e-06,7.694587111473083e-05
orientation_cued_D12,0,1,alpha_mean8,1,16,0.008752945810556412,-0.005356943669418494,0.02151597974201043
orientation_cued_D12,0,1,alpha_mean8,2,16,0.0006580849488576138,-0.01472471859306098,0.015712893133362108
orientation_cued_D12,0,1,alpha_mean8,3,16,-0.00880960250894229,-0.03740624546383818,0.02174476947014525
orientation_cued_D12,0,1,alpha_mean8,4,16,-0.004718568176031113,-0.04084506795431178,0.033598983163634875
orientation_cued_D12,0,1,alpha_mean8,5,16,0.0,0.0,0.0
orientation_cued_D12,0,1,alpha_mean8,6,16,0.0,0.0,0.0
orientation_cued_D12,0,1,alpha_mean8,7,16,0.0,0.0,0.0
orientation_cued_D12,0,1,alpha_mean8,8,16,0.0,0.0,0.0
orientation_cued_D12,0,1,alpha_mean8,9,16,0.0,0.0,0.0
orientation_cued_D12,0,1,alpha_mean8,10,16,0.0,0.0,0.0
orientation_cued_D12,0,1,alpha_mean8,11,16,0.0,0.0,0.0
orientation_cued_D12,0,1,alpha_mean8,12,16,0.0,0.0,0.0
orientation_cued_D12,0,1,alpha_mean8,13,16,0.0,0.0,0.0
orientation_cued_D12,0,1,alpha_mean8,14,16,0.0,0.0,0.0
orientation_cued_D12,0,1,alpha_mean8,15,16,0.0012817184130350726,-0.008121150545775883,0.011323925728599218
orientation_cued_D12,1,0,alpha_mean8,0,16,-0.001544651885827364,-0.004666281243165313,0.0012122057999173908
orientation_cued_D12,1,0,alpha_mean8,1,16,0.022330775856971748,-0.015395865030586708,0.060660664985577165
orientation_cued_D12,1,0,alpha_mean8,2,16,0.013699935128291443,-0.02014875834186872,0.04856624895085889
orientation_cued_D12,1,0,alpha_mean8,3,16,-0.019372450808684022,-0.053727798660596196,0.01740865527341763
orientation_cued_D12,1,0,alpha_mean8,4,16,-0.019049295534690217,-0.0488583564137419,0.01321738424400487
orientation_cued_D12,1,0,alpha_mean8,5,16,-0.0030043385922908852,-0.008976382203400139,0.002875898933658997
orientation_cued_D12,1,0,alpha_mean8,6,16,-0.0026776231825351715,-0.008551921229809517,0.0030655755971868894
orientation_cued_D12,1,0,alpha_mean8,7,16,-0.0025076394279797826,-0.00837096075216929,0.0031655148603022044
orientation_cued_D12,1,0,alpha_mean8,8,16,-0.002418516824642822,-0.008308661604921018,0.003244140930473801
orientation_cued_D12,1,0,alpha_mean8,9,16,-0.002362870921691261,-0.008324394654482597,0.003291142545640462
orientation_cued_D12,1,0,alpha_mean8,10,16,-0.002324844400087997,-0.008322786291440324,0.0033385361544787887
orientation_cued_D12,1,0,alpha_mean8,11,16,-0.0022945503393808978,-0.008284505084156981,0.003389022685587408
orientation_cued_D12,1,0,alpha_mean8,12,16,-0.0022686421871185095,-0.008247677516192181,0.003417392664899442
orientation_cued_D12,1,0,alpha_mean8,13,16,-0.0022455677390098433,-0.00821365217367807,0.0034230418813725513
orientation_cued_D12,1,0,alpha_mean8,14,16,-0.0022255827983220303,-0.00818248937527337,0.0034228649921715306
orientation_cued_D12,1,0,alpha_mean8,15,16,0.02916568766037623,-0.02226053196936846,0.07641958038633068
orientation_cued_D12,1,1,alpha_mean8,0,16,-0.002845560510953263,-0.008763903503616652,0.0023958017118275252
orientation_cued_D12,1,1,alpha_mean8,1,16,0.04340271030863127,-0.018346961680799724,0.1036393034271896
orientation_cued_D12,1,1,alpha_mean8,2,16,0.030196142693360642,-0.030525046866387136,0.08987838930139937
orientation_cued_D12,1,1,alpha_mean8,3,16,-0.028714143981536225,-0.08496110181634622,0.034919928355763255
orientation_cued_D12,1,1,alpha_mean8,4,16,-0.03041547536849975,-0.08522351486608386,0.029195012524723986
orientation_cued_D12,1,1,alpha_mean8,5,16,-0.016506090760231018,-0.026566695049405106,-0.006736267047623798
orientation_cued_D12,1,1,alpha_mean8,6,16,-0.015056729316711405,-0.024962467979639746,-0.005457883483419796
orientation_cued_D12,1,1,alpha_mean8,7,16,-0.014277814577023186,-0.02417349886770048,-0.004859871696680795
orientation_cued_D12,1,1,alpha_mean8,8,16,-0.01383444045980771,-0.023715937013427398,-0.004396763412902748
orientation_cued_D12,1,1,alpha_mean8,9,16,-0.013542603701353066,-0.02344745229929684,-0.003996623121201992
orientation_cued_D12,1,1,alpha_mean8,10,16,-0.013330711672703423,-0.023261765607943154,-0.003785869137694433
orientation_cued_D12,1,1,alpha_mean8,11,16,-0.01315675675868988,-0.02308332544441024,-0.0036223414664467157
orientation_cued_D12,1,1,alpha_mean8,12,16,-0.013005041827758163,-0.022939970716834082,-0.00347657610351842
orientation_cued_D12,1,1,alpha_mean8,13,16,-0.012865359584490449,-0.02275814600288867,-0.0033349684750040324
orientation_cued_D12,1,1,alpha_mean8,14,16,-0.012740315248568862,-0.022571232014646146,-0.003235364519059668
orientation_cued_D12,1,1,alpha_mean8,15,16,0.05338365708788237,-0.01820368804037568,0.119874389997373
orientation_cued_D12,2,0,alpha_mean8,0,16,0.01729739209016165,0.012957770284265304,0.022029457520693536
orientation_cued_D12,2,0,alpha_mean8,1,16,0.0006964616477489471,-0.009919813772042593,0.010846286235998056
orientation_cued_D12,2,0,alpha_mean8,2,16,-0.014028971393903106,-0.02440013121813537,-0.004029470433791503
orientation_cued_D12,2,0,alpha_mean8,3,16,-0.022950161248445504,-0.028101991148044653,-0.01776680843904615
orientation_cued_D12,2,0,alpha_mean8,4,16,-0.021081707129875817,-0.027802452196677516,-0.015129111334681537
orientation_cued_D12,2,0,alpha_mean8,5,16,-0.010593724747498826,-0.014505020373811309,-0.006684240729858481
orientation_cued_D12,2,0,alpha_mean8,6,16,-0.010618885358174658,-0.014760876353830122,-0.006491079119344569
orientation_cued_D12,2,0,alpha_mean8,7,16,-0.010595870514710747,-0.014923963230103268,-0.006372240620354811
orientation_cued_D12,2,0,alpha_mean8,8,16,-0.010578797509272889,-0.015075429435819385,-0.006255005579441786
orientation_cued_D12,2,0,alpha_mean8,9,16,-0.010550127675135933,-0.015089566415796651,-0.006165837217122314
orientation_cued_D12,2,0,alpha_mean8,10,16,-0.01051369557778041,-0.015097224960724511,-0.006088580066959053
orientation_cued_D12,2,0,alpha_mean8,11,16,-0.010468718906243638,-0.015080041065812101,-0.005960831791162484
orientation_cued_D12,2,0,alpha_mean8,12,16,-0.010415741552909204,-0.015051799515883113,-0.0058630071269968964
orientation_cued_D12,2,0,alpha_mean8,13,16,-0.010360890378554657,-0.015022430662065748,-0.0057677987962961134
orientation_cued_D12,2,0,alpha_mean8,14,16,-0.010304463406403876,-0.014957353845238693,-0.005691203195601721
orientation_cued_D12,2,0,alpha_mean8,15,16,0.00339620187878608,-0.005330706325670108,0.011195986345410346
orientation_cued_D12,2,1,alpha_mean8,0,16,-0.019342146813869462,-0.03016438791528344,-0.009421376946071772
orientation_cued_D12,2,1,alpha_mean8,1,16,-0.004979672531286873,-0.025352099879334365,0.015370433839658899
orientation_cued_D12,2,1,alpha_mean8,2,16,-0.015006470183531441,-0.030688528375079235,0.0013580270732442496
orientation_cued_D12,2,1,alpha_mean8,3,16,-0.020561714967091874,-0.028293183942635847,-0.012447171254704388
orientation_cued_D12,2,1,alpha_mean8,4,16,-0.01895916710297265,-0.02787645068019628,-0.010047014523297529
orientation_cued_D12,2,1,alpha_mean8,5,16,-0.009824720521767943,-0.015215608756989255,-0.004269170047094439
orientation_cued_D12,2,1,alpha_mean8,6,16,-0.009216560671726874,-0.014596219422916579,-0.003767546856155016
orientation_cued_D12,2,1,alpha_mean8,7,16,-0.008883949369192116,-0.014250653857986132,-0.0035156997852027433
orientation_cued_D12,2,1,alpha_mean8,8,16,-0.008663741250832864,-0.014036301709711542,-0.0033466849165658032
orientation_cued_D12,2,1,alpha_mean8,9,16,-0.008513095478216805,-0.013884202918658658,-0.0032084712448219414
orientation_cued_D12,2,1,alpha_mean8,10,16,-0.008401739100615181,-0.013768814069529374,-0.0031250158635278548
orientation_cued_D12,2,1,alpha_mean8,11,16,-0.008311182260513326,-0.013659741729497939,-0.003054566867649575
orientation_cued_D12,2,1,alpha_mean8,12,16,-0.008233752101659775,-0.013589538851131984,-0.0029905642382800812
orientation_cued_D12,2,1,alpha_mean8,13,16,-0.008164824297030769,-0.013516771793365474,-0.0029335315649708276
orientation_cued_D12,2,1,alpha_mean8,14,16,-0.008100975304842009,-0.013451667347302054,-0.0028780243980387893
orientation_cued_D12,2,1,alpha_mean8,15,16,-0.006143038471539811,-0.021838484921803066,0.01093566517035163
orientation_cued_D12,0,0,coeff_final_read,0,16,0.01975103932394025,-0.016141547323786656,0.059795079601220255
orientation_cued_D12,0,0,coeff_final_read,1,16,-0.02198965767943643,-0.06861105583993823,0.017850633633641134
orientation_cued_D12,0,0,coeff_final_read,2,16,-0.035286612172058085,-0.1261386455681835,0.046899646412172494
orientation_cued_D12,0,0,coeff_final_read,3,16,0.007676114427643674,-0.02438654465343764,0.03983193748063059
orientation_cued_D12,0,0,coeff_final_read,4,16,-0.0017029908000646809,-0.050402877794355545,0.04920910575674497
orientation_cued_D12,0,0,coeff_final_read,5,16,0.00015254290337907159,-0.00047208971263898995,0.0007484809457916223
orientation_cued_D12,0,0,coeff_final_read,6,16,0.00012987386677802224,-0.0003986016139606364,0.0006551966196032781
orientation_cued_D12,0,0,coeff_final_read,7,16,8.262453290323415e-05,-0.0003228335990570486,0.0005042132283657943
orientation_cued_D12,0,0,coeff_final_read,8,16,-2.1297862986102727e-05,-0.00038590411653179524,0.0003306387531968838
orientation_cued_D12,0,0,coeff_final_read,9,16,-0.0002569775521502985,-0.001103323576595964,0.0005845380660806157
orientation_cued_D12,0,0,coeff_final_read,10,16,-0.0008003084141516106,-0.003000865529452312,0.0014640770629209016
orientation_cued_D12,0,0,coeff_final_read,11,16,-0.0020637467500061266,-0.007425310034125231,0.003577787675442319
orientation_cued_D12,0,0,coeff_final_read,12,16,-0.005014961107614605,-0.01762728130051983,0.008467594303753377
orientation_cued_D12,0,0,coeff_final_read,13,16,-0.011925076628055345,-0.04154911792805554,0.01947615977305755
orientation_cued_D12,0,0,coeff_final_read,14,16,-0.028125734116959705,-0.09744440408333806,0.04565562336041086
orientation_cued_D12,0,0,coeff_final_read,15,16,-0.009177303412191879,-0.04060643201167598,0.027246638215850286
orientation_cued_D12,0,1,coeff_final_read,0,16,0.005206227917369688,-0.004498062547190783,0.013953049948395344
orientation_cued_D12,0,1,coeff_final_read,1,16,-0.006561041043217605,-0.018394969535438576,0.004820604533476088
orientation_cued_D12,0,1,coeff_final_read,2,16,-0.004420279020754,-0.028917575936945165,0.01832685176026036
orientation_cued_D12,0,1,coeff_final_read,3,16,0.001776870172913429,-0.006074609013315543,0.010121481287114877
orientation_cued_D12,0,1,coeff_final_read,4,16,0.0019129388122867876,-0.004653927409814665,0.008501844860749463
orientation_cued_D12,0,1,coeff_final_read,5,16,0.0011200464056552542,-0.0014112456253011867,0.003828279138573026
orientation_cued_D12,0,1,coeff_final_read,6,16,0.0011692396668271006,-0.0014426803692913384,0.003976322822806346
orientation_cued_D12,0,1,coeff_final_read,7,16,0.0012384045585349668,-0.0014363639009692026,0.004142923171608951
orientation_cued_D12,0,1,coeff_final_read,8,16,0.0013525474851121544,-0.0014089654462471422,0.004315772003405978
orientation_cued_D12,0,1,coeff_final_read,9,16,0.0015720547362434445,-0.0011877526870800162,0.0045980039344764604
orientation_cued_D12,0,1,coeff_final_read,10,16,0.0020489562258868923,-0.0008298492509197785,0.005128251098335567
orientation_cued_D12,0,1,coeff_final_read,11,16,0.0031809358012348334,-0.00011109624868671138,0.006711743206248378
orientation_cued_D12,0,1,coeff_final_read,12,16,0.0060417587446863754,0.0002878799807452496,0.011709755143056095
orientation_cued_D12,0,1,coeff_final_read,13,16,0.013601944718781548,-0.00042078466588767253,0.027631868261839065
orientation_cued_D12,0,1,coeff_final_read,14,16,0.03422521977821209,-0.005483928249062351,0.07387140491591707
orientation_cued_D12,0,1,coeff_final_read,15,16,0.04778051589285799,-0.06902218280580807,0.16441441326642228
orientation_cued_D12,1,0,coeff_final_read,0,16,-0.001789557286732208,-0.035207758501170854,0.027182964854910074
orientation_cued_D12,1,0,coeff_final_read,1,16,0.0027401834140619017,-0.008972926845982936,0.01651876766270561
orientation_cued_D12,1,0,coeff_final_read,2,16,-0.0012217699540997256,-0.03152170927490563,0.029921169915580005
orientation_cued_D12,1,0,coeff_final_read,3,16,-0.0029540337139527155,-0.02229840374796671,0.017142457072592755
orientation_cued_D12,1,0,coeff_final_read,4,16,-0.01285459482460283,-0.045705404115142304,0.022495417609449415
orientation_cued_D12,1,0,coeff_final_read,5,16,0.00037601786213296384,-0.0007875841500360062,0.0015821545156768477
orientation_cued_D12,1,0,coeff_final_read,6,16,0.0004040558411967746,-0.0015306467505827944,0.002311198513264873
orientation_cued_D12,1,0,coeff_final_read,7,16,0.0004377700962171123,-0.002468477783223003,0.0030383479587518043
orientation_cued_D12,1,0,coeff_final_read,8,16,0.0004415616940605103,-0.0036373603650266284,0.004052772471171309
orientation_cued_D12,1,0,coeff_final_read,9,16,0.00038790703577736474,-0.005288659713914968,0.005291347152115115
orientation_cued_D12,1,0,coeff_final_read,10,16,0.0002570562792243425,-0.007861203268839745,0.007389378215672566
orientation_cued_D12,1,0,coeff_final_read,11,16,8.155622344929725e-05,-0.011902573904444581,0.011273022120076349
orientation_cued_D12,1,0,coeff_final_read,12,16,7.491036133918348e-05,-0.01989069763603766,0.018978607294957314
orientation_cued_D12,1,0,coeff_final_read,13,16,0.0010815248651851982,-0.035313707320672925,0.03570747836769594
orientation_cued_D12,1,0,coeff_final_read,14,16,0.005903673028418172,-0.0662534976521177,0.07345841691276292
orientation_cued_D12,1,0,coeff_final_read,15,16,0.032916463960039735,-0.029444209205394152,0.08913406533829399
orientation_cued_D12,1,1,coeff_final_read,0,16,0.008607949663807329,-0.007186363117337655,0.024011500420238006
orientation_cued_D12,1,1,coeff_final_read,1,16,-0.004218249892801396,-0.015001335973147433,0.0061814253933941
orientation_cued_D12,1,1,coeff_final_read,2,16,-0.006143160467521131,-0.04401026134085744,0.02948460535080806
orientation_cued_D12,1,1,coeff_final_read,3,16,-0.009473966759590741,-0.020285159955164996,5.7208377923715216e-05
orientation_cued_D12,1,1,coeff_final_read,4,16,-0.02016144176983895,-0.05258903098062243,0.015212693099480562
orientation_cued_D12,1,1,coeff_final_read,5,16,-0.00031820902252851103,-0.003064853725300054,0.002535329708257448
orientation_cued_D12,1,1,coeff_final_read,6,16,-0.0015152784440033429,-0.004571337278575054,0.001609936451484368
orientation_cued_D12,1,1,coeff_final_read,7,16,-0.0026003583945263626,-0.006376831333708802,0.00125582520061015
orientation_cued_D12,1,1,coeff_final_read,8,16,-0.0038425327838922376,-0.008803741504198114,0.0011473409640378417
orientation_cued_D12,1,1,coeff_final_read,9,16,-0.00545525644921933,-0.01202298655539001,0.0012455627788312978
orientation_cued_D12,1,1,coeff_final_read,10,16,-0.007666757199028022,-0.01653134500329543,0.0014909504551951528
orientation_cued_D12,1,1,coeff_final_read,11,16,-0.010818950762768509,-0.02302401261307144,0.0018472328302474705
orientation_cued_D12,1,1,coeff_final_read,12,16,-0.015407848223427814,-0.032095358515531795,0.0021187265724013976
orientation_cued_D12,1,1,coeff_final_read,13,16,-0.021961907345939835,-0.045408355568823326,0.003511422743213177
orientation_cued_D12,1,1,coeff_final_read,14,16,-0.028158197146694874,-0.0629442396865367,0.008590452792698914
orientation_cued_D12,1,1,coeff_final_read,15,16,-0.03402778254045795,-0.09653982461362225,0.03186189171368216
orientation_cued_D12,2,0,coeff_final_read,0,16,-0.009324195631052133,-0.053450745341190965,0.03164264401290587
orientation_cued_D12,2,0,coeff_final_read,1,16,-0.003745195290321135,-0.024877067894703942,0.019721657107099076
orientation_cued_D12,2,0,coeff_final_read,2,16,-0.01720968054481394,-0.08249951500153353,0.0516106401639869
orientation_cued_D12,2,0,coeff_final_read,3,16,-0.003671340517939825,-0.014175535317728343,0.007014164958551784
orientation_cued_D12,2,0,coeff_final_read,4,16,-0.002208987377040712,-0.03539737358611698,0.032086874104667595
orientation_cued_D12,2,0,coeff_final_read,5,16,0.00020558600954245787,-0.001354991685426891,0.0018308372165241355
orientation_cued_D12,2,0,coeff_final_read,6,16,0.00020208515585788212,-0.001233390254310507,0.0016698567506561314
orientation_cued_D12,2,0,coeff_final_read,7,16,0.0001327924546785652,-0.0014359871591295814,0.0016921009935079666
orientation_cued_D12,2,0,coeff_final_read,8,16,7.721333531662827e-05,-0.0017317224490398073,0.0018999041102991515
orientation_cued_D12,2,0,coeff_final_read,9,16,-8.064890183353168e-05,-0.002309614935559997,0.0021509525070238546
orientation_cued_D12,2,0,coeff_final_read,10,16,-0.0004161763790762053,-0.003153034792800706,0.002298350216976055
orientation_cued_D12,2,0,coeff_final_read,11,16,-0.0010204915694581968,-0.004650540089884696,0.0024803589001142724
orientation_cued_D12,2,0,coeff_final_read,12,16,-0.001927275491956001,-0.007586526470307339,0.0032915996836284877
orientation_cued_D12,2,0,coeff_final_read,13,16,-0.00040476382006696945,-0.015802982670205287,0.013638191860627539
orientation_cued_D12,2,0,coeff_final_read,14,16,0.041634393918987676,-0.058483248019426046,0.14058242343029012
orientation_cued_D12,2,0,coeff_final_read,15,16,-0.02105220123242664,-0.0822420583925729,0.044203554956826874
orientation_cued_D12,2,1,coeff_final_read,0,16,-0.03110381295406721,-0.09295555697672929,0.03153914561338903
orientation_cued_D12,2,1,coeff_final_read,1,16,-0.02633670261517788,-0.043934823154146825,-0.006926978292782832
orientation_cued_D12,2,1,coeff_final_read,2,16,-0.010004031195421705,-0.04732964977423156,0.0314275114328969
orientation_cued_D12,2,1,coeff_final_read,3,16,0.010077085273527093,-0.003671112549386635,0.024594781011652828
orientation_cued_D12,2,1,coeff_final_read,4,16,0.03268825397136273,0.013038382370915732,0.05032174610254666
orientation_cued_D12,2,1,coeff_final_read,5,16,0.0002617918899924613,-0.0021621304990844695,0.0026790860841022844
orientation_cued_D12,2,1,coeff_final_read,6,16,0.0002745735868074917,-0.0015077717623531346,0.0019657700177949282
orientation_cued_D12,2,1,coeff_final_read,7,16,0.0002802601593430153,-0.0010544138205053363,0.0014868485770421099
orientation_cued_D12,2,1,coeff_final_read,8,16,0.0002490710930942442,-0.0008035649242629005,0.001180938317929758
orientation_cued_D12,2,1,coeff_final_read,9,16,0.0002713160214019202,-0.0005918707356386222,0.0010374672345657622
orientation_cued_D12,2,1,coeff_final_read,10,16,0.00031325053608573705,-0.000465497940926222,0.0010464997963367752
orientation_cued_D12,2,1,coeff_final_read,11,16,0.00044962713809582056,-0.00039866543803176074,0.0012821802662074332
orientation_cued_D12,2,1,coeff_final_read,12,16,0.0008392543919247449,-0.00024537221758957157,0.001993809458919789
orientation_cued_D12,2,1,coeff_final_read,13,16,0.002640393963398916,0.00026176954644749177,0.00582280618395998
orientation_cued_D12,2,1,coeff_final_read,14,16,0.02267952453257749,-0.007673083465366895,0.05422187799971043
orientation_cued_D12,2,1,coeff_final_read,15,16,0.027021351134559755,-0.009957679281554496,0.06185489378403871
orientation_cued_D12,0,0,coeff_source2_all_reads,0,16,0.0,0.0,0.0
orientation_cued_D12,0,0,coeff_source2_all_reads,1,16,0.0,0.0,0.0
orientation_cued_D12,0,0,coeff_source2_all_reads,2,16,-0.02234627263775716,-0.06319709318971338,0.02154597644948807
orientation_cued_D12,0,0,coeff_source2_all_reads,3,16,-0.005071511511535699,-0.08299509959761053,0.06523159173957534
orientation_cued_D12,0,0,coeff_source2_all_reads,4,16,0.008676852051091064,-0.06987718780728756,0.08398599626913589
orientation_cued_D12,0,0,coeff_source2_all_reads,5,16,0.0034754855587380024,-0.09157518661947203,0.09431961621752025
orientation_cued_D12,0,0,coeff_source2_all_reads,6,16,0.005920183966130325,-0.0908223541933694,0.09689755546714877
orientation_cued_D12,0,0,coeff_source2_all_reads,7,16,0.0072768862325271215,-0.08957064491581455,0.09835740684241794
orientation_cued_D12,0,0,coeff_source2_all_reads,8,16,0.00810655578485845,-0.08916287670520735,0.09956808684109991
orientation_cued_D12,0,0,coeff_source2_all_reads,9,16,0.008669941981982754,-0.08880921043516234,0.10043748299225015
orientation_cued_D12,0,0,coeff_source2_all_reads,10,16,0.009090638564278681,-0.08855973729223479,0.10110679235707114
orientation_cued_D12,0,0,coeff_source2_all_reads,11,16,0.009428649015414223,-0.08868525337117414,0.10144755480044597
orientation_cued_D12,0,0,coeff_source2_all_reads,12,16,0.009714016816966854,-0.08847092028978899,0.10169039000393236
orientation_cued_D12,0,0,coeff_source2_all_reads,13,16,0.009962428429086383,-0.08812355450257503,0.10188252157749952
orientation_cued_D12,0,0,coeff_source2_all_reads,14,16,0.01018252980429679,-0.08779627444115856,0.10203822120723388
orientation_cued_D12,0,0,coeff_source2_all_reads,15,16,-0.035286607770103715,-0.1261386310989716,0.04689964511832534
orientation_cued_D12,0,1,coeff_source2_all_reads,0,16,0.0,0.0,0.0
orientation_cued_D12,0,1,coeff_source2_all_reads,1,16,0.0,0.0,0.0
orientation_cued_D12,0,1,coeff_source2_all_reads,2,16,-0.011266079668227272,-0.0897050959902117,0.06511231447839234
orientation_cued_D12,0,1,coeff_source2_all_reads,3,16,-0.020949528077229235,-0.06455471243534702,0.023154523958752705
orientation_cued_D12,0,1,coeff_source2_all_reads,4,16,-0.015846156811070006,-0.0496767741535829,0.01821088240819031
orientation_cued_D12,0,1,coeff_source2_all_reads,5,16,-0.002328211005078628,-0.02959631182796632,0.024838635219202817
orientation_cued_D12,0,1,coeff_source2_all_reads,6,16,-0.0039259304758161315,-0.03153898153686896,0.023419192270860846
orientation_cued_D12,0,1,coeff_source2_all_reads,7,16,-0.005184670463980489,-0.03299692101718392,0.022990336502941
orientation_cued_D12,0,1,coeff_source2_all_reads,8,16,-0.0061702119872582735,-0.034690162146337876,0.023012087053575665
orientation_cued_D12,0,1,coeff_source2_all_reads,9,16,-0.006936020826591022,-0.03638244683418937,0.022770742251183633
orientation_cued_D12,0,1,coeff_source2_all_reads,10,16,-0.0075262344222816555,-0.03685312153575068,0.0225092067727776
orientation_cued_D12,0,1,coeff_source2_all_reads,11,16,-0.007976990992271267,-0.03777704784394397,0.02290241319769847
orientation_cued_D12,0,1,coeff_source2_all_reads,12,16,-0.008317477547583019,-0.03858075766541636,0.02335478562745264
orientation_cued_D12,0,1,coeff_source2_all_reads,13,16,-0.008571021467408475,-0.03900738056775784,0.0236752083362565
orientation_cued_D12,0,1,coeff_source2_all_reads,14,16,-0.008756111778590519,-0.039397390208614526,0.023815466292338282
orientation_cued_D12,0,1,coeff_source2_all_reads,15,16,-0.0044202802437212085,-0.02891757776113385,0.01832684957572988
orientation_cued_D12,1,0,coeff_source2_all_reads,0,16,0.0,0.0,0.0
orientation_cued_D12,1,0,coeff_source2_all_reads,1,16,0.0,0.0,0.0
orientation_cued_D12,1,0,coeff_source2_all_reads,2,16,0.022345587047918038,-0.06758421983889397,0.10590708025353394
orientation_cued_D12,1,0,coeff_source2_all_reads,3,16,-0.020026873251481447,-0.07071269552270677,0.029587009366938737
orientation_cued_D12,1,0,coeff_source2_all_reads,4,16,0.001765138518142825,-0.03578641121105951,0.038368639715675536
orientation_cued_D12,1,0,coeff_source2_all_reads,5,16,-0.01274113119052345,-0.04633955428134111,0.017447444925225365
orientation_cued_D12,1,0,coeff_source2_all_reads,6,16,-0.013232932758910462,-0.045807357760107456,0.01601682335131045
orientation_cued_D12,1,0,coeff_source2_all_reads,7,16,-0.01312352899390134,-0.04514270921452331,0.015443047200288143
orientation_cued_D12,1,0,coeff_source2_all_reads,8,16,-0.012767007284613403,-0.044450610555668395,0.015488871994542327
orientation_cued_D12,1,0,coeff_source2_all_reads,9,16,-0.012349560286869142,-0.044049634771969666,0.015399972426045346
orientation_cued_D12,1,0,coeff_source2_all_reads,10,16,-0.011938955953610275,-0.04355668660331275,0.01544433686201877
orientation_cued_D12,1,0,coeff_source2_all_reads,11,16,-0.011567309148328299,-0.04319341384143627,0.015699879269929315
orientation_cued_D12,1,0,coeff_source2_all_reads,12,16,-0.011230048228753734,-0.042487337625546684,0.01585691279275729
orientation_cued_D12,1,0,coeff_source2_all_reads,13,16,-0.010927169969363604,-0.04213338355760546,0.015993135723329003
orientation_cued_D12,1,0,coeff_source2_all_reads,14,16,-0.010660255707686398,-0.041462372387968564,0.016071542302900803
orientation_cued_D12,1,0,coeff_source2_all_reads,15,16,-0.0012217716942662582,-0.031521717972767274,0.029921171642316332
orientation_cued_D12,1,1,coeff_source2_all_reads,0,16,0.0,0.0,0.0
orientation_cued_D12,1,1,coeff_source2_all_reads,1,16,0.0,0.0,0.0
orientation_cued_D12,1,1,coeff_source2_all_reads,2,16,-0.033206676157230205,-0.0934314050659547,0.03082930466734978
orientation_cued_D12,1,1,coeff_source2_all_reads,3,16,0.037598256196361035,-0.0416199986502761,0.10795375922850019
orientation_cued_D12,1,1,coeff_source2_all_reads,4,16,0.03552108305545214,-0.033553784557928644,0.09730434081672376
orientation_cued_D12,1,1,coeff_source2_all_reads,5,16,0.037547378352125335,-0.03266352072872299,0.10165087530737459
orientation_cued_D12,1,1,coeff_source2_all_reads,6,16,0.031617667479925636,-0.038502731503831454,0.09729334756333013
orientation_cued_D12,1,1,coeff_source2_all_reads,7,16,0.03001097005714352,-0.042236914731620355,0.09753390423817715
orientation_cued_D12,1,1,coeff_source2_all_reads,8,16,0.029469005525849447,-0.043739673957194705,0.09791158240429161
orientation_cued_D12,1,1,coeff_source2_all_reads,9,16,0.029320569603441975,-0.044969501636721046,0.0985695410448291
orientation_cued_D12,1,1,coeff_source2_all_reads,10,16,0.029358595756699895,-0.045843456510237954,0.09931386205529019
orientation_cued_D12,1,1,coeff_source2_all_reads,11,16,0.02948129517365791,-0.04603228226430169,0.10058400333594666
orientation_cued_D12,1,1,coeff_source2_all_reads,12,16,0.029619544734790296,-0.04604731729717363,0.10134809788978599
orientation_cued_D12,1,1,coeff_source2_all_reads,13,16,0.029747706796721708,-0.04600540535442026,0.10129397111128735
orientation_cued_D12,1,1,coeff_source2_all_reads,14,16,0.02984785240065927,-0.04626293099330117,0.10147915505998141
orientation_cued_D12,1,1,coeff_source2_all_reads,15,16,-0.0061431602904728315,-0.04401026620313739,0.029484600959282577
orientation_cued_D12,2,0,coeff_source2_all_reads,0,16,0.0,0.0,0.0
orientation_cued_D12,2,0,coeff_source2_all_reads,1,16,0.0,0.0,0.0
orientation_cued_D12,2,0,coeff_source2_all_reads,2,16,-0.08967162023327546,-0.1608310762284115,-0.013974691428969292
orientation_cued_D12,2,0,coeff_source2_all_reads,3,16,-0.09814381454877244,-0.14847410669147695,-0.044063623622302386
orientation_cued_D12,2,0,coeff_source2_all_reads,4,16,-0.06942368801295137,-0.11909388091662548,-0.01674936895675882
orientation_cued_D12,2,0,coeff_source2_all_reads,5,16,-0.017937808499330757,-0.05297111321486152,0.018609945432532006
orientation_cued_D12,2,0,coeff_source2_all_reads,6,16,-0.015946086277836002,-0.04857357365078012,0.01793286275606076
orientation_cued_D12,2,0,coeff_source2_all_reads,7,16,-0.014470468121847564,-0.044397934081598575,0.016844519640623425
orientation_cued_D12,2,0,coeff_source2_all_reads,8,16,-0.013380862789441988,-0.04129723385788869,0.015790165948662113
orientation_cued_D12,2,0,coeff_source2_all_reads,9,16,-0.012544562729459583,-0.03915752949568917,0.014868154608605737
orientation_cued_D12,2,0,coeff_source2_all_reads,10,16,-0.011839154303743271,-0.037444424119348695,0.014156037880168983
orientation_cued_D12,2,0,coeff_source2_all_reads,11,16,-0.011240771668478072,-0.03595915338616274,0.01377880116548717
orientation_cued_D12,2,0,coeff_source2_all_reads,12,16,-0.010724914750123085,-0.03451230557687571,0.013243870935305798
orientation_cued_D12,2,0,coeff_source2_all_reads,13,16,-0.010273728833756952,-0.03345800512697679,0.012946864321171833
orientation_cued_D12,2,0,coeff_source2_all_reads,14,16,-0.009877736444347345,-0.03267053425496064,0.012767288326237273
orientation_cued_D12,2,0,coeff_source2_all_reads,15,16,-0.01720967204649544,-0.0824995086273096,0.0516106428201965
orientation_cued_D12,2,1,coeff_source2_all_reads,0,16,0.0,0.0,0.0
orientation_cued_D12,2,1,coeff_source2_all_reads,1,16,0.0,0.0,0.0
orientation_cued_D12,2,1,coeff_source2_all_reads,2,16,0.04054326949699316,-0.012537129916684844,0.09054388953178803
orientation_cued_D12,2,1,coeff_source2_all_reads,3,16,0.03469802822898297,-0.00868836305938506,0.07534163243459861
orientation_cued_D12,2,1,coeff_source2_all_reads,4,16,0.005274068909784545,-0.02966790326787911,0.039724494452821085
orientation_cued_D12,2,1,coeff_source2_all_reads,5,16,-0.02667429436405655,-0.07277057390456321,0.019297387214343566
orientation_cued_D12,2,1,coeff_source2_all_reads,6,16,-0.02681404266574343,-0.07100708006643495,0.017507383564710217
orientation_cued_D12,2,1,coeff_source2_all_reads,7,16,-0.026069880138190154,-0.0683513059557299,0.01612131601941655
orientation_cued_D12,2,1,coeff_source2_all_reads,8,16,-0.025382096321360827,-0.06594461874544019,0.015513082508065636
orientation_cued_D12,2,1,coeff_source2_all_reads,9,16,-0.02478796102028961,-0.06402110500348498,0.015444969290304764
orientation_cued_D12,2,1,coeff_source2_all_reads,10,16,-0.02427771883473421,-0.06237377519998215,0.015249454078608924
orientation_cued_D12,2,1,coeff_source2_all_reads,11,16,-0.02384180057075961,-0.061515132636365405,0.01495754586831026
orientation_cued_D12,2,1,coeff_source2_all_reads,12,16,-0.023451737618112627,-0.0603067820720753,0.014671868839286596
orientation_cued_D12,2,1,coeff_source2_all_reads,13,16,-0.023105392062764924,-0.059411117048754625,0.014589535199896392
orientation_cued_D12,2,1,coeff_source2_all_reads,14,16,-0.022789158693437155,-0.05875150185383973,0.014411695170080433
orientation_cued_D12,2,1,coeff_source2_all_reads,15,16,-0.010004032053984703,-0.0473296432850475,0.031427500798599774
spatial_binding_D12,0,0,beta,0,16,0.0,0.0,0.0
spatial_binding_D12,0,0,beta,1,16,-0.0025935135781764845,-0.0454951664743324,0.04000406774381794
spatial_binding_D12,0,0,beta,2,16,-0.007499569406112037,-0.06091426468143862,0.04839122497166196
spatial_binding_D12,0,0,beta,3,16,0.009114521245161683,-0.04833197668194771,0.06761284442618477
spatial_binding_D12,0,0,beta,4,16,0.009510058909654617,-0.05007276857892673,0.06822005923216543
spatial_binding_D12,0,0,beta,5,16,0.0,0.0,0.0
spatial_binding_D12,0,0,beta,6,16,0.0,0.0,0.0
spatial_binding_D12,0,0,beta,7,16,0.0,0.0,0.0
spatial_binding_D12,0,0,beta,8,16,0.0,0.0,0.0
spatial_binding_D12,0,0,beta,9,16,0.0,0.0,0.0
spatial_binding_D12,0,0,beta,10,16,0.0,0.0,0.0
spatial_binding_D12,0,0,beta,11,16,0.0,0.0,0.0
spatial_binding_D12,0,0,beta,12,16,0.0,0.0,0.0
spatial_binding_D12,0,0,beta,13,16,0.0,0.0,0.0
spatial_binding_D12,0,0,beta,14,16,0.0,0.0,0.0
spatial_binding_D12,0,0,beta,15,16,0.015110746026039124,0.011973656341433525,0.01820652578026056
spatial_binding_D12,0,0,beta,16,16,0.06815820435682932,0.03610164805625876,0.09932884788140653
spatial_binding_D12,0,1,beta,0,16,0.0,0.0,0.0
spatial_binding_D12,0,1,beta,1,16,-0.012134280055761344,-0.06196680093804996,0.035215641465038
spatial_binding_D12,0,1,beta,2,16,-0.005642919490734748,-0.0566784783266485,0.04319982919842
spatial_binding_D12,0,1,beta,3,16,-0.008656335373719546,-0.047798754119624705,0.026481580516944304
spatial_binding_D12,0,1,beta,4,16,-0.013916565105319027,-0.05882421603115897,0.031296909848848954
spatial_binding_D12,0,1,beta,5,16,0.0,0.0,0.0
spatial_binding_D12,0,1,beta,6,16,0.0,0.0,0.0
spatial_binding_D12,0,1,beta,7,16,0.0,0.0,0.0
spatial_binding_D12,0,1,beta,8,16,0.0,0.0,0.0
spatial_binding_D12,0,1,beta,9,16,0.0,0.0,0.0
spatial_binding_D12,0,1,beta,10,16,0.0,0.0,0.0
spatial_binding_D12,0,1,beta,11,16,0.0,0.0,0.0
spatial_binding_D12,0,1,beta,12,16,0.0,0.0,0.0
spatial_binding_D12,0,1,beta,13,16,0.0,0.0,0.0
spatial_binding_D12,0,1,beta,14,16,0.0,0.0,0.0
spatial_binding_D12,0,1,beta,15,16,0.0346849262714386,0.0275957846082747,0.04116238281130791
spatial_binding_D12,0,1,beta,16,16,-0.022667652616898216,-0.06436006386453907,0.018083568848669507
spatial_binding_D12,1,0,beta,0,16,0.0,-0.0003184378147125244,0.000335840508341789
spatial_binding_D12,1,0,beta,1,16,0.0045104119926691055,-0.12369313241603473,0.12047493581970534
spatial_binding_D12,1,0,beta,2,16,-0.025849509984254844,-0.1552525086483608,0.0940448423381893
spatial_binding_D12,1,0,beta,3,16,-0.025348233679930367,-0.09731035055592656,0.04414729954053956
spatial_binding_D12,1,0,beta,4,16,-0.02378183044493197,-0.13023206808914742,0.08480229019187387
spatial_binding_D12,1,0,beta,5,16,-0.01104240988691648,-0.07076122877188028,0.0614861190319061
spatial_binding_D12,1,0,beta,6,16,-0.01220297999680042,-0.07464077463373542,0.06319367219693951
spatial_binding_D12,1,0,beta,7,16,-0.012802747388680778,-0.07583739299637576,0.06350888805463908
spatial_binding_D12,1,0,beta,8,16,-0.01306421620150407,-0.0764590681064874,0.06255473843775683
spatial_binding_D12,1,0,beta,9,16,-0.013179536287983261,-0.07622276875190435,0.061833772032211146
spatial_binding_D12,1,0,beta,10,16,-0.013192124043901753,-0.07520809352087478,0.06103625589360787
spatial_binding_D12,1,0,beta,11,16,-0.013160719846685733,-0.07450353032909333,0.06023021222402646
spatial_binding_D12,1,0,beta,12,16,-0.013092794766028728,-0.07388605088926851,0.059462772294258004
spatial_binding_D12,1,0,beta,13,16,-0.012996414055426914,-0.07340081948786975,0.05874619387711082
spatial_binding_D12,1,0,beta,14,16,-0.01287146657705307,-0.0728821757559975,0.058082209046309154
spatial_binding_D12,1,0,beta,15,16,0.5547951658566792,0.5323201740160584,0.5770194456136475
spatial_binding_D12,1,0,beta,16,16,0.12068887551625569,0.015999793137113243,0.21473278867391246
spatial_binding_D12,1,1,beta,0,16,0.0,-0.0002263290186722942,0.0002933641274770124
spatial_binding_D12,1,1,beta,1,16,0.025204520672559738,-0.024560683500021694,0.07151775639504193
spatial_binding_D12,1,1,beta,2,16,0.00287303949395816,-0.04738161228597164,0.049309708674748716
spatial_binding_D12,1,1,beta,3,16,-0.005350331465403237,-0.06522511448711156,0.052064149950941406
spatial_binding_D12,1,1,beta,4,16,-0.036473993211984634,-0.14556450134453675,0.06643817423221965
spatial_binding_D12,1,1,beta,5,16,-0.007376472155253097,-0.11074065690239271,0.09832826917991037
spatial_binding_D12,1,1,beta,6,16,-0.006421333799759565,-0.10885768189715844,0.09751105817655706
spatial_binding_D12,1,1,beta,7,16,-0.006255275259415299,-0.10828121594774225,0.09702330132325486
spatial_binding_D12,1,1,beta,8,16,-0.00631312653422355,-0.10809048634643355,0.09616692941635839
spatial_binding_D12,1,1,beta,9,16,-0.006432426472504922,-0.10795652959495781,0.0958740609697997
spatial_binding_D12,1,1,beta,10,16,-0.006549314285318054,-0.1079186682899793,0.0955452150199562
spatial_binding_D12,1,1,beta,11,16,-0.0066565511127313,-0.10782531069902083,0.09519412090691425
spatial_binding_D12,1,1,beta,12,16,-0.006744475414355584,-0.10767942415550348,0.09483923025739688
spatial_binding_D12,1,1,beta,13,16,-0.006813458477457353,-0.10748287624058622,0.0944788986817002
spatial_binding_D12,1,1,beta,14,16,-0.00686721007029216,-0.10727954631050428,0.09416869051444028
spatial_binding_D12,1,1,beta,15,16,0.28187018757065135,0.22124071948540705,0.34142770494023955
spatial_binding_D12,1,1,beta,16,16,0.16237492052217325,0.11207670664104324,0.20866337264887985
spatial_binding_D12,2,0,beta,0,16,0.0,-0.019133706887563065,0.019133706887563065
spatial_binding_D12,2,0,beta,1,16,0.023259251068035766,-0.025329915806651105,0.06548862556616467
spatial_binding_D12,2,0,beta,2,16,0.02195600792765618,-0.022437076208492116,0.06285709009195369
spatial_binding_D12,2,0,beta,3,16,0.010836895555257811,-0.0336008820682764,0.05366542298967638
spatial_binding_D12,2,0,beta,4,16,0.00014478713274002075,-0.037109317599485325,0.034069495399792996
spatial_binding_D12,2,0,beta,5,16,0.0029062939186890804,-0.018195473278562243,0.02406560430924095
spatial_binding_D12,2,0,beta,6,16,0.002289349834124245,-0.01998576673989494,0.024554970425864048
spatial_binding_D12,2,0,beta,7,16,0.001616521428028754,-0.021435214020311805,0.024776985341062135
spatial_binding_D12,2,0,beta,8,16,0.0011454212168852396,-0.022646709500501558,0.02524065027634302
spatial_binding_D12,2,0,beta,9,16,0.0007921271026134491,-0.023680431209504596,0.025259822886437147
spatial_binding_D12,2,0,beta,10,16,0.0004947210351626125,-0.02436955415954192,0.02549716041733822
spatial_binding_D12,2,0,beta,11,16,0.0002620741724967887,-0.024927487038075923,0.025534792244434345
spatial_binding_D12,2,0,beta,12,16,7.720291614532471e-05,-0.025290174378703036,0.025688879564404504
spatial_binding_D12,2,0,beta,13,16,-7.863466938336922e-05,-0.02558901968101659,0.0257201762559513
spatial_binding_D12,2,0,beta,14,16,-0.00021849821011225845,-0.02604477818434438,0.02576396760220326
spatial_binding_D12,2,0,beta,15,16,0.19922632724046707,0.1922620954612891,0.20653118804718054
spatial_binding_D12,2,0,beta,16,16,0.2715742917110523,0.24636552321414154,0.2939044412535925
spatial_binding_D12,2,1,beta,0,16,0.0,-0.004118065039316804,0.004326586922009795
spatial_binding_D12,2,1,beta,1,16,0.009906113147735596,-0.013009692387034496,0.03129808390513061
spatial_binding_D12,2,1,beta,2,16,0.009488888084888458,-0.011613160433868572,0.03086360227316618
spatial_binding_D12,2,1,beta,3,16,0.01083811248342196,-0.009488700858006875,0.0315076331918438
spatial_binding_D12,2,1,beta,4,16,0.006606267144282654,-0.01144743785262109,0.024198871509482467
spatial_binding_D12,2,1,beta,5,16,0.002798318862915039,-0.004118608279774584,0.009973994456231606
spatial_binding_D12,2,1,beta,6,16,0.002598786105712271,-0.004168298188596941,0.0096117594279349
spatial_binding_D12,2,1,beta,7,16,0.0023654960095882555,-0.004262111739565908,0.009239498618990191
spatial_binding_D12,2,1,beta,8,16,0.0022046230733394553,-0.004478789307177067,0.009033792683233791
spatial_binding_D12,2,1,beta,9,16,0.002076944957176849,-0.004689343397816006,0.008850340017427991
spatial_binding_D12,2,1,beta,10,16,0.001973174512386308,-0.004827307102580883,0.008776396575073387
spatial_binding_D12,2,1,beta,11,16,0.001891483863194779,-0.0048766029067337695,0.008692729442069917
spatial_binding_D12,2,1,beta,12,16,0.001825328916311264,-0.004980694036930797,0.00867354953661561
spatial_binding_D12,2,1,beta,13,16,0.0017703312138716287,-0.005010084062814722,0.008654802820334815
spatial_binding_D12,2,1,beta,14,16,0.0017249161998430865,-0.005024298218389359,0.008631588953236735
spatial_binding_D12,2,1,beta,15,16,0.048937031378348664,0.04308750502144297,0.05421848151211935
spatial_binding_D12,2,1,beta,16,16,0.22426962107419968,0.2094667440590759,0.23872186439111825
spatial_binding_D12,0,0,alpha_mean8,0,16,0.0,0.0,0.0
spatial_binding_D12,0,0,alpha_mean8,1,16,-0.006027622769276299,-0.036589199056228004,0.02601680209239322
spatial_binding_D12,0,0,alpha_mean8,2,16,-0.009077953795591995,-0.034135802866270146,0.016960185828308248
spatial_binding_D12,0,0,alpha_mean8,3,16,-0.005936431388060243,-0.04188569784164426,0.030234476116796305
spatial_binding_D12,0,0,alpha_mean8,4,16,-0.002681951969861991,-0.032317076809704304,0.028621536772698145
spatial_binding_D12,0,0,alpha_mean8,5,16,0.0,0.0,0.0
spatial_binding_D12,0,0,alpha_mean8,6,16,0.0,0.0,0.0
spatial_binding_D12,0,0,alpha_mean8,7,16,0.0,0.0,0.0
spatial_binding_D12,0,0,alpha_mean8,8,16,0.0,0.0,0.0
spatial_binding_D12,0,0,alpha_mean8,9,16,0.0,0.0,0.0
spatial_binding_D12,0,0,alpha_mean8,10,16,0.0,0.0,0.0
spatial_binding_D12,0,0,alpha_mean8,11,16,0.0,0.0,0.0
spatial_binding_D12,0,0,alpha_mean8,12,16,0.0,0.0,0.0
spatial_binding_D12,0,0,alpha_mean8,13,16,0.0,0.0,0.0
spatial_binding_D12,0,0,alpha_mean8,14,16,0.0,0.0,0.0
spatial_binding_D12,0,0,alpha_mean8,15,16,-0.022468358278274536,-0.025071979127824308,-0.020064640790224075
spatial_binding_D12,0,0,alpha_mean8,16,16,-0.023016069084405892,-0.04473777636885643,-0.0015143384225666506
spatial_binding_D12,0,1,alpha_mean8,0,16,0.0,0.0,0.0
spatial_binding_D12,0,1,alpha_mean8,1,16,-0.003566401700178773,-0.019796290528029184,0.011430834947774785
spatial_binding_D12,0,1,alpha_mean8,2,16,-0.011094976216554642,-0.030385773163288846,0.006866745712856441
spatial_binding_D12,0,1,alpha_mean8,3,16,-0.008005324751138687,-0.05019977502524852,0.03416830735901991
spatial_binding_D12,0,1,alpha_mean8,4,16,-0.007401843865712479,-0.045015839797755065,0.028579294184843597
spatial_binding_D12,0,1,alpha_mean8,5,16,0.0,0.0,0.0
spatial_binding_D12,0,1,alpha_mean8,6,16,0.0,0.0,0.0
spatial_binding_D12,0,1,alpha_mean8,7,16,0.0,0.0,0.0
spatial_binding_D12,0,1,alpha_mean8,8,16,0.0,0.0,0.0
spatial_binding_D12,0,1,alpha_mean8,9,16,0.0,0.0,0.0
spatial_binding_D12,0,1,alpha_mean8,10,16,0.0,0.0,0.0
spatial_binding_D12,0,1,alpha_mean8,11,16,0.0,0.0,0.0
spatial_binding_D12,0,1,alpha_mean8,12,16,0.0,0.0,0.0
spatial_binding_D12,0,1,alpha_mean8,13,16,0.0,0.0,0.0
spatial_binding_D12,0,1,alpha_mean8,14,16,0.0,0.0,0.0
spatial_binding_D12,0,1,alpha_mean8,15,16,-0.013668015599250793,-0.015572819858789444,-0.01171732665970922
spatial_binding_D12,0,1,alpha_mean8,16,16,-0.011988028883934028,-0.026799080396691956,0.001210223138332356
spatial_binding_D12,1,0,alpha_mean8,0,16,2.7755575615628914e-17,-9.651482105251658e-05,0.00012139479319256408
spatial_binding_D12,1,0,alpha_mean8,1,16,-0.027945506076018013,-0.10185464452952146,0.043492070616533346
spatial_binding_D12,1,0,alpha_mean8,2,16,-0.02263124411304792,-0.09259726718689003,0.04384330784281094
spatial_binding_D12,1,0,alpha_mean8,3,16,-0.01210235307614009,-0.05288293004656832,0.02827131863062578
spatial_binding_D12,1,0,alpha_mean8,4,16,-0.004623324920733765,-0.04129151236265897,0.030288006396343308
spatial_binding_D12,1,0,alpha_mean8,5,16,0.0018009655177593162,-0.008917254985620592,0.011737550888210518
spatial_binding_D12,1,0,alpha_mean8,6,16,0.0015867749849955218,-0.008802499280621592,0.011167667123178621
spatial_binding_D12,1,0,alpha_mean8,7,16,0.0014339995880921566,-0.008728535473346729,0.010760693003733937
spatial_binding_D12,1,0,alpha_mean8,8,16,0.0013214300076166766,-0.008761457571138945,0.010538614199807244
spatial_binding_D12,1,0,alpha_mean8,9,16,0.0012302584946155479,-0.008773418515920657,0.010439230532695843
spatial_binding_D12,1,0,alpha_mean8,10,16,0.0011533349752426147,-0.008820777013897893,0.010344732614854977
spatial_binding_D12,1,0,alpha_mean8,11,16,0.0010844394564628532,-0.008865558107694004,0.010261403645078314
spatial_binding_D12,1,0,alpha_mean8,12,16,0.0010239146649837425,-0.008901599577317638,0.010185621182123815
spatial_binding_D12,1,0,alpha_mean8,13,16,0.0009713036318620069,-0.008928353960315384,0.010099423428376513
spatial_binding_D12,1,0,alpha_mean8,14,16,0.0009249585370222704,-0.008947792338828234,0.01002086664860447
spatial_binding_D12,1,0,alpha_mean8,15,16,-0.027370441704988487,-0.03764448358366887,-0.017557440977543602
spatial_binding_D12,1,0,alpha_mean8,16,16,-0.11976101001103719,-0.15186048271134495,-0.09032251012201112
spatial_binding_D12,1,1,alpha_mean8,0,16,0.0,-0.0001404926180839516,0.00013724962870279023
spatial_binding_D12,1,1,alpha_mean8,1,16,-0.03149253502488136,-0.13654551204914847,0.07541747754439705
spatial_binding_D12,1,1,alpha_mean8,2,16,-0.023325119167566286,-0.12388407886028287,0.07705845233673843
spatial_binding_D12,1,1,alpha_mean8,3,16,-0.029380766053994506,-0.09858771963045002,0.039748812963565146
spatial_binding_D12,1,1,alpha_mean8,4,16,-0.016544420272111893,-0.07940393527969718,0.04555064194525282
spatial_binding_D12,1,1,alpha_mean8,5,16,0.0038294022281964712,-0.016114076816787316,0.0224574038758874
spatial_binding_D12,1,1,alpha_mean8,6,16,0.00338121627767881,-0.015902845344195768,0.021214320883154867
spatial_binding_D12,1,1,alpha_mean8,7,16,0.0030537868539492405,-0.015809759994347864,0.020360412355512378
spatial_binding_D12,1,1,alpha_mean8,8,16,0.002794406066338212,-0.015831024789561835,0.019829983202119632
spatial_binding_D12,1,1,alpha_mean8,9,16,0.0025787887473901136,-0.015870751906186344,0.019501978624612084
spatial_binding_D12,1,1,alpha_mean8,10,16,0.002392943948507309,-0.016022780692825707,0.019123219077785778
spatial_binding_D12,1,1,alpha_mean8,11,16,0.0022253505885600974,-0.015908942402650922,0.01880388511344787
spatial_binding_D12,1,1,alpha_mean8,12,16,0.0020763377348581857,-0.015901794377714405,0.018519783982386153
spatial_binding_D12,1,1,alpha_mean8,13,16,0.001946744819482163,-0.01593156686673561,0.018270938346783273
spatial_binding_D12,1,1,alpha_mean8,14,16,0.0018361583352088859,-0.015959542834510412,0.018052332817266366
spatial_binding_D12,1,1,alpha_mean8,15,16,-0.05687981347242991,-0.07133257218326132,-0.042588714634378744
spatial_binding_D12,1,1,alpha_mean8,16,16,-0.23320282498995462,-0.28158238194882873,-0.1863515067224701
spatial_binding_D12,2,0,alpha_mean8,0,16,0.0,-0.006979890167713165,0.006595946848392481
spatial_binding_D12,2,0,alpha_mean8,1,16,-0.0002764177819092953,-0.010712558341523003,0.009029186734308817
spatial_binding_D12,2,0,alpha_mean8,2,16,0.00028014555573462746,-0.009562951202193914,0.009573252281794944
spatial_binding_D12,2,0,alpha_mean8,3,16,-0.0005331672728061607,-0.005716446507722139,0.004464602222045267
spatial_binding_D12,2,0,alpha_mean8,4,16,-0.0006084504226843493,-0.007307737972587336,0.00582433460901181
spatial_binding_D12,2,0,alpha_mean8,5,16,0.00013807167609532905,-0.006158065951118857,0.006494272903849682
spatial_binding_D12,2,0,alpha_mean8,6,16,8.817265431085991e-05,-0.006430806964635858,0.006694021789977952
spatial_binding_D12,2,0,alpha_mean8,7,16,3.443782528241707e-05,-0.006696392316371225,0.006887552359451855
spatial_binding_D12,2,0,alpha_mean8,8,16,-1.567105452219414e-05,-0.006848518364131443,0.00703084403648972
spatial_binding_D12,2,0,alpha_mean8,9,16,-5.0508727629981764e-05,-0.0069864108537634395,0.007090224574009579
spatial_binding_D12,2,0,alpha_mean8,10,16,-7.906556129455566e-05,-0.007059208241601796,0.007091966550797216
spatial_binding_D12,2,0,alpha_mean8,11,16,-0.00010498861471811005,-0.007113320628801977,0.007126409995059181
spatial_binding_D12,2,0,alpha_mean8,12,16,-0.00012546281019847755,-0.0071429725115498156,0.007161072672655175
spatial_binding_D12,2,0,alpha_mean8,13,16,-0.00014287605881691673,-0.0071654953062534445,0.007121108503391335
spatial_binding_D12,2,0,alpha_mean8,14,16,-0.00016080960631371238,-0.007182593985150251,0.007064406014978857
spatial_binding_D12,2,0,alpha_mean8,15,16,0.000918366014957428,-0.006846064049750564,0.008076441908876101
spatial_binding_D12,2,0,alpha_mean8,16,16,-0.017059873789548867,-0.027072518132627007,-0.007481855060905217
spatial_binding_D12,2,1,alpha_mean8,0,16,0.0,-0.002467408155401525,0.0023106684287389073
spatial_binding_D12,2,1,alpha_mean8,1,16,-0.0016765582064787524,-0.02213841595997412,0.017273142933845492
spatial_binding_D12,2,1,alpha_mean8,2,16,-0.001772124320268638,-0.020734841873248436,0.015255811996757924
spatial_binding_D12,2,1,alpha_mean8,3,16,-0.0014045611023903032,-0.010654206791271787,0.008806381871302919
spatial_binding_D12,2,1,alpha_mean8,4,16,-0.0012374768654505458,-0.009199113181481767,0.007388220199694232
spatial_binding_D12,2,1,alpha_mean8,5,16,-0.0005195252597331931,-0.0055648263233403225,0.004057330638170248
spatial_binding_D12,2,1,alpha_mean8,6,16,-0.0003986259301503453,-0.005261576951791845,0.0041141704345742875
spatial_binding_D12,2,1,alpha_mean8,7,16,-0.00026585782567658395,-0.005161209808041629,0.004280979186296476
spatial_binding_D12,2,1,alpha_mean8,8,16,-0.00018994013468424248,-0.005101329709092785,0.004390645306557427
spatial_binding_D12,2,1,alpha_mean8,9,16,-0.00013624255855877732,-0.00507818665355443,0.004465448794265595
spatial_binding_D12,2,1,alpha_mean8,10,16,-9.70164934794085e-05,-0.0050411257582406045,0.004571197368204595
spatial_binding_D12,2,1,alpha_mean8,11,16,-6.877382596333359e-05,-0.005022918898612267,0.004633185733109708
spatial_binding_D12,2,1,alpha_mean8,12,16,-4.685545961062576e-05,-0.005025109803924958,0.004724965430796139
spatial_binding_D12,2,1,alpha_mean8,13,16,-2.9239803552634502e-05,-0.005030287646998962,0.004768669046461565
spatial_binding_D12,2,1,alpha_mean8,14,16,-1.551583409310081e-05,-0.00503280581906439,0.004787058196961872
spatial_binding_D12,2,1,alpha_mean8,15,16,-0.13802114129066467,-0.14317484696706137,-0.13342876102154455
spatial_binding_D12,2,1,alpha_mean8,16,16,-0.040928423404693604,-0.057120901625603446,-0.025524136361976486
spatial_binding_D12,0,0,coeff_final_read,0,16,-0.017066626229886122,-0.04876385907155054,0.017750791410495924
spatial_binding_D12,0,0,coeff_final_read,1,16,0.01619103270544049,-0.029039976004908874,0.06158165286615257
spatial_binding_D12,0,0,coeff_final_read,2,16,-0.004581117615695497,-0.10460481918441168,0.0878257104103189
spatial_binding_D12,0,0,coeff_final_read,3,16,0.0052915793312422466,-0.027705162116520417,0.03827767537562368
spatial_binding_D12,0,0,coeff_final_read,4,16,0.008913627379418662,-0.028685588673882496,0.04716795855783857
spatial_binding_D12,0,0,coeff_final_read,5,16,-0.00030672726522122207,-0.001052552036526322,0.00037163704455451797
spatial_binding_D12,0,0,coeff_final_read,6,16,-0.00035108362014094996,-0.0010606295106602678,0.0002897819864908039
spatial_binding_D12,0,0,coeff_final_read,7,16,-0.00042277296840135636,-0.0010678034655938974,0.00016636100978454724
spatial_binding_D12,0,0,coeff_final_read,8,16,-0.0005570683157808768,-0.001075882510425193,-7.923103894427212e-05
spatial_binding_D12,0,0,coeff_final_read,9,16,-0.0008369763139247273,-0.001147873478839756,-0.0005330067385026875
spatial_binding_D12,0,0,coeff_final_read,10,16,-0.0014577855957516779,-0.002117242589398908,-0.0008310298234088502
spatial_binding_D12,0,0,coeff_final_read,11,16,-0.0028787919049288267,-0.005003739452678246,-0.0007592842934779318
spatial_binding_D12,0,0,coeff_final_read,12,16,-0.00617988854022163,-0.01183369935436834,-0.0004297669648091631
spatial_binding_D12,0,0,coeff_final_read,13,16,-0.013899592656040719,-0.02760028919868394,0.00026001942630194807
spatial_binding_D12,0,0,coeff_final_read,14,16,-0.032004260198543,-0.06486289620934257,0.002278024738795087
spatial_binding_D12,0,0,coeff_final_read,15,16,-0.016794953124190215,-0.10485214208110846,0.0716293153056539
spatial_binding_D12,0,0,coeff_final_read,16,16,-0.08915063140739221,-0.12557894593968136,-0.046891775536156914
spatial_binding_D12,0,1,coeff_final_read,0,16,0.00293497578604729,-0.012111100143617175,0.01764777944472371
spatial_binding_D12,0,1,coeff_final_read,1,16,0.0034858432186410937,-0.010760128695710592,0.016523004443100335
spatial_binding_D12,0,1,coeff_final_read,2,16,0.021071516462446496,-0.010983710969352006,0.05207954183460968
spatial_binding_D12,0,1,coeff_final_read,3,16,0.005957521619469238,-0.0037001511470104256,0.014763582985809381
spatial_binding_D12,0,1,coeff_final_read,4,16,0.0034287523715950865,-0.005245597656903554,0.01047856717450486
spatial_binding_D12,0,1,coeff_final_read,5,16,0.004005691926674141,0.0017036839517459155,0.006360628816158469
spatial_binding_D12,0,1,coeff_final_read,6,16,0.0041355396921668825,0.0017925935018865858,0.006549399130502327
spatial_binding_D12,0,1,coeff_final_read,7,16,0.00427529594465644,0.0018786941178101793,0.006744790469474536
spatial_binding_D12,0,1,coeff_final_read,8,16,0.004424834354722407,0.0019611326220911,0.006965121934626947
spatial_binding_D12,0,1,coeff_final_read,9,16,0.0045813041263803225,0.0020019432654104696,0.007222282474140229
spatial_binding_D12,0,1,coeff_final_read,10,16,0.0047335931321867974,0.002017269162934099,0.00752755645979353
spatial_binding_D12,0,1,coeff_final_read,11,16,0.004846211855162134,0.0018379238389589622,0.007952992328788848
spatial_binding_D12,0,1,coeff_final_read,12,16,0.004812341241025328,0.000592989649552085,0.00887669853709667
spatial_binding_D12,0,1,coeff_final_read,13,16,0.004317043581067992,-0.004185912779864034,0.011566020469899737
spatial_binding_D12,0,1,coeff_final_read,14,16,0.00243846359080635,-0.018763803197847057,0.020514327017250852
spatial_binding_D12,0,1,coeff_final_read,15,16,0.004238700106119113,-0.04569210211193422,0.047987127615003004
spatial_binding_D12,0,1,coeff_final_read,16,16,-0.03289542281224082,-0.15700550903760208,0.07667185460159084
spatial_binding_D12,1,0,coeff_final_read,0,16,0.0014221259334590286,-0.018741043110761284,0.023181655312024856
spatial_binding_D12,1,0,coeff_final_read,1,16,0.011740514915193975,-0.002160812235494328,0.02469721017917739
spatial_binding_D12,1,0,coeff_final_read,2,16,0.031004664522091236,-0.013778306446874916,0.08030648771261137
spatial_binding_D12,1,0,coeff_final_read,3,16,0.010894604269803192,-0.002107414325352389,0.02461703766675782
spatial_binding_D12,1,0,coeff_final_read,4,16,0.0013056716882905075,-0.014860581428971882,0.018365444260219493
spatial_binding_D12,1,0,coeff_final_read,5,16,0.00410544825388115,0.002975011913361906,0.005195846227720342
spatial_binding_D12,1,0,coeff_final_read,6,16,0.004056522316356373,0.002149155456443926,0.006010994845610185
spatial_binding_D12,1,0,coeff_final_read,7,16,0.0045185685994511005,0.0019113416699231796,0.007248755139456383
spatial_binding_D12,1,0,coeff_final_read,8,16,0.0054502391685862985,0.0020622027104460964,0.009095607493029451
spatial_binding_D12,1,0,coeff_final_read,9,16,0.006938551037213378,0.0024398302174934855,0.011760719030038063
spatial_binding_D12,1,0,coeff_final_read,10,16,0.009207543779363428,0.002946731490161862,0.015511583369895247
spatial_binding_D12,1,0,coeff_final_read,11,16,0.01261376452021068,0.003651346644922645,0.02177152407784888
spatial_binding_D12,1,0,coeff_final_read,12,16,0.017618000256940526,0.0032382259999697745,0.031729303278871156
spatial_binding_D12,1,0,coeff_final_read,13,16,0.024436219018146705,-0.0001984362441968768,0.04769603404141278
spatial_binding_D12,1,0,coeff_final_read,14,16,0.03164762534045924,-0.014753249729983509,0.07729743443342157
spatial_binding_D12,1,0,coeff_final_read,15,16,0.01745216177876803,-0.0325990143417035,0.06571546382153122
spatial_binding_D12,1,0,coeff_final_read,16,16,-0.03761516823821391,-0.07782963989484414,0.002890079855327038
spatial_binding_D12,1,1,coeff_final_read,0,16,0.015245145574226626,-0.0008973415208553584,0.031537471985711815
spatial_binding_D12,1,1,coeff_final_read,1,16,-0.001253264332168177,-0.01114456419329315,0.007767747204406323
spatial_binding_D12,1,1,coeff_final_read,2,16,-0.03761292945515985,-0.07647622938893618,0.0003144457320255686
spatial_binding_D12,1,1,coeff_final_read,3,16,-0.019489111781391937,-0.03001898307520605,-0.00867093688236008
spatial_binding_D12,1,1,coeff_final_read,4,16,-0.03268151750792943,-0.05575619028798731,-0.012893598995045375
spatial_binding_D12,1,1,coeff_final_read,5,16,-0.0013145555432553617,-0.002701838087947787,0.00010721743439034755
spatial_binding_D12,1,1,coeff_final_read,6,16,-0.0013029959106158153,-0.003119243287953092,0.0005367141257920574
spatial_binding_D12,1,1,coeff_final_read,7,16,-0.0013755471833671133,-0.0037861061269230355,0.0010407592539271107
spatial_binding_D12,1,1,coeff_final_read,8,16,-0.0014685113831850074,-0.0046202408045398135,0.0017258528642742008
spatial_binding_D12,1,1,coeff_final_read,9,16,-0.0015665519658796259,-0.0057381028029491665,0.002689738208012689
spatial_binding_D12,1,1,coeff_final_read,10,16,-0.001535774403085573,-0.007153221446253611,0.004061092903066308
spatial_binding_D12,1,1,coeff_final_read,11,16,-0.0009150585635021955,-0.008343689024726094,0.006449263373027254
spatial_binding_D12,1,1,coeff_final_read,12,16,0.001950364254298619,-0.007454745675446854,0.011624993359752497
spatial_binding_D12,1,1,coeff_final_read,13,16,0.013792885978849275,0.0025217967043772655,0.025728862695973468
spatial_binding_D12,1,1,coeff_final_read,14,16,0.06782211248597983,0.05541765691505134,0.08032331938132604
spatial_binding_D12,1,1,coeff_final_read,15,16,-0.028840787766966965,-0.08998071435489692,0.03583328562623742
spatial_binding_D12,1,1,coeff_final_read,16,16,0.21547808917360575,0.1254397224265934,0.31223713638276723
spatial_binding_D12,2,0,coeff_final_read,0,16,0.05706520260355319,0.007258250858952423,0.10442356832654695
spatial_binding_D12,2,0,coeff_final_read,1,16,-0.008560363717606378,-0.01823261762543401,0.0020855548723754213
spatial_binding_D12,2,0,coeff_final_read,2,16,-0.0885914071041043,-0.17960475509444224,0.0013151315454403183
spatial_binding_D12,2,0,coeff_final_read,3,16,-0.0017811309971875744,-0.01181361488785721,0.008423119027793285
spatial_binding_D12,2,0,coeff_final_read,4,16,-0.0047627345423582775,-0.0379158274768694,0.02748303200611793
spatial_binding_D12,2,0,coeff_final_read,5,16,-0.0025378761674801353,-0.004117814787665945,-0.0009231157973772501
spatial_binding_D12,2,0,coeff_final_read,6,16,-0.0023514583400962388,-0.0038748833686023916,-0.0006956768560598907
spatial_binding_D12,2,0,coeff_final_read,7,16,-0.0018589802378604265,-0.0033633756949257077,-0.00021004438282640667
spatial_binding_D12,2,0,coeff_final_read,8,16,-0.0013606758457171964,-0.0028750267857958534,0.0003435380589962726
spatial_binding_D12,2,0,coeff_final_read,9,16,-0.000825758245052081,-0.0024298481229341937,0.0009415588104237321
spatial_binding_D12,2,0,coeff_final_read,10,16,-6.533500103008305e-05,-0.0018750727781783403,0.001965696946323683
spatial_binding_D12,2,0,coeff_final_read,11,16,0.0012999128860731919,-0.0008037540429844135,0.003609519182403646
spatial_binding_D12,2,0,coeff_final_read,12,16,0.004874127236689674,0.0023841735663457566,0.007536527232635605
spatial_binding_D12,2,0,coeff_final_read,13,16,0.02104308834774808,0.014817004407480757,0.027682803505619327
spatial_binding_D12,2,0,coeff_final_read,14,16,0.1369265423854813,0.0796291636036282,0.1916545190923595
spatial_binding_D12,2,0,coeff_final_read,15,16,-0.12797212823898008,-0.1952768161762985,-0.047783630652732764
spatial_binding_D12,2,0,coeff_final_read,16,16,0.29350265199900605,0.22381538036473406,0.3823493364778794
spatial_binding_D12,2,1,coeff_final_read,0,16,0.019255611290039575,-0.018325632816534685,0.0544087943597636
spatial_binding_D12,2,1,coeff_final_read,1,16,0.00237355475307292,-0.01246199968836663,0.01744106256357251
spatial_binding_D12,2,1,coeff_final_read,2,16,-0.038189336258559095,-0.08309581581758417,0.012872736134401368
spatial_binding_D12,2,1,coeff_final_read,3,16,0.0013941230669540046,-0.007036640348936392,0.010522213452471377
spatial_binding_D12,2,1,coeff_final_read,4,16,0.0016449743149375235,-0.021178018554140487,0.02741154847978274
spatial_binding_D12,2,1,coeff_final_read,5,16,0.0016880863574897376,0.0001835350525292748,0.0031563133736957137
spatial_binding_D12,2,1,coeff_final_read,6,16,0.001481858662676435,0.00045617098032077285,0.0025832239182591358
spatial_binding_D12,2,1,coeff_final_read,7,16,0.0010903116298758655,0.00027290041230945884,0.0019120750144165774
spatial_binding_D12,2,1,coeff_final_read,8,16,0.0007124412243986928,4.4494533805542843e-05,0.001373226189434717
spatial_binding_D12,2,1,coeff_final_read,9,16,0.00039688255228990477,-0.00018099788660492786,0.0009519925667139731
spatial_binding_D12,2,1,coeff_final_read,10,16,9.35221553769831e-05,-0.00046289037830338957,0.0006318946587214213
spatial_binding_D12,2,1,coeff_final_read,11,16,-0.00026784863060432446,-0.0009156478311941403,0.0003297703233935556
spatial_binding_D12,2,1,coeff_final_read,12,16,-0.0008288461678300034,-0.0017390002902250975,6.42665727733891e-06
spatial_binding_D12,2,1,coeff_final_read,13,16,-0.0012312063273990739,-0.0035737507843426404,0.0009277884506635308
spatial_binding_D12,2,1,coeff_final_read,14,16,0.013564344433689257,-0.025876498454636028,0.04998364197763291
spatial_binding_D12,2,1,coeff_final_read,15,16,0.009750619055315232,-0.03229400698607302,0.04665294442517427
spatial_binding_D12,2,1,coeff_final_read,16,16,0.10539445913551995,-0.006430505134630951,0.22072836881755692
spatial_binding_D12,0,0,coeff_source2_all_reads,0,16,0.0,0.0,0.0
spatial_binding_D12,0,0,coeff_source2_all_reads,1,16,0.0,0.0,0.0
spatial_binding_D12,0,0,coeff_source2_all_reads,2,16,-0.01180615110206418,-0.080404136950771,0.05529105527336162
spatial_binding_D12,0,0,coeff_source2_all_reads,3,16,0.06290755509204854,-0.034011411022220266,0.14193533306339912
spatial_binding_D12,0,0,coeff_source2_all_reads,4,16,0.06256709177493272,-0.02390577877995383,0.13434372896117563
spatial_binding_D12,0,0,coeff_source2_all_reads,5,16,0.023118939852186784,-0.0740546454510574,0.12533411941549272
spatial_binding_D12,0,0,coeff_source2_all_reads,6,16,0.02148831241841739,-0.07812253628993251,0.12478876094149502
spatial_binding_D12,0,0,coeff_source2_all_reads,7,16,0.020783045794814808,-0.07876688030422278,0.1247984167964508
spatial_binding_D12,0,0,coeff_source2_all_reads,8,16,0.020461764807502426,-0.07895217754218417,0.125054468314435
spatial_binding_D12,0,0,coeff_source2_all_reads,9,16,0.02029727373883361,-0.0789419375073218,0.12492709866837678
spatial_binding_D12,0,0,coeff_source2_all_reads,10,16,0.020194935166121773,-0.0788521255448965,0.12521161099430167
spatial_binding_D12,0,0,coeff_source2_all_reads,11,16,0.020115829921754397,-0.07901007390015971,0.12555714068791224
spatial_binding_D12,0,0,coeff_source2_all_reads,12,16,0.020044323930051178,-0.0791410076970351,0.12583143714922088
spatial_binding_D12,0,0,coeff_source2_all_reads,13,16,0.019974425823117287,-0.07925144049853163,0.12604605854867257
spatial_binding_D12,0,0,coeff_source2_all_reads,14,16,0.0199040942825377,-0.07932426849923407,0.1260607937108337
spatial_binding_D12,0,0,coeff_source2_all_reads,15,16,-0.014868381064540394,-0.09758654002143884,0.07218299284941167
spatial_binding_D12,0,0,coeff_source2_all_reads,16,16,-0.004581112458254204,-0.10460481394923894,0.08782571222764089
spatial_binding_D12,0,1,coeff_source2_all_reads,0,16,0.0,0.0,0.0
spatial_binding_D12,0,1,coeff_source2_all_reads,1,16,0.0,0.0,0.0
spatial_binding_D12,0,1,coeff_source2_all_reads,2,16,-0.004003963288899591,-0.13947611298841972,0.12757908931356104
spatial_binding_D12,0,1,coeff_source2_all_reads,3,16,0.014262442714728726,-0.039119252057086364,0.07041619743880194
spatial_binding_D12,0,1,coeff_source2_all_reads,4,16,0.014153940232063175,-0.04136712985922107,0.07309588477467815
spatial_binding_D12,0,1,coeff_source2_all_reads,5,16,0.020976538304239508,-0.04719764808614855,0.08604077866548322
spatial_binding_D12,0,1,coeff_source2_all_reads,6,16,0.018951599910603058,-0.04776435633151171,0.08400444183826035
spatial_binding_D12,0,1,coeff_source2_all_reads,7,16,0.017354711065612118,-0.04736372669503908,0.08229808671846209
spatial_binding_D12,0,1,coeff_source2_all_reads,8,16,0.016092280905771385,-0.04777731907306588,0.0807117063530313
spatial_binding_D12,0,1,coeff_source2_all_reads,9,16,0.015089952743134443,-0.04768520925861897,0.07975994036144886
spatial_binding_D12,0,1,coeff_source2_all_reads,10,16,0.014289545453114744,-0.048412504065224016,0.07880313331782715
spatial_binding_D12,0,1,coeff_source2_all_reads,11,16,0.013645835142597207,-0.04892744084027072,0.07849503563641821
spatial_binding_D12,0,1,coeff_source2_all_reads,12,16,0.013123826249890648,-0.048894775868029684,0.07815045006100262
spatial_binding_D12,0,1,coeff_source2_all_reads,13,16,0.012696440452297494,-0.048744635520779414,0.07712289511534132
spatial_binding_D12,0,1,coeff_source2_all_reads,14,16,0.012342749779539492,-0.048592515225269986,0.07619670445928929
spatial_binding_D12,0,1,coeff_source2_all_reads,15,16,0.012523667338731073,-0.04412463795524672,0.07257402572552864
spatial_binding_D12,0,1,coeff_source2_all_reads,16,16,0.02107151430391241,-0.010983713294626793,0.05207954052190566
spatial_binding_D12,1,0,coeff_source2_all_reads,0,16,0.0,0.0,0.0
spatial_binding_D12,1,0,coeff_source2_all_reads,1,16,0.0,0.0,0.0
spatial_binding_D12,1,0,coeff_source2_all_reads,2,16,0.0177959864862108,-0.04591053332890927,0.08310951509338335
spatial_binding_D12,1,0,coeff_source2_all_reads,3,16,-0.018933269991672816,-0.08025246284659414,0.053304555076063756
spatial_binding_D12,1,0,coeff_source2_all_reads,4,16,-0.03313389480293456,-0.07397533143387892,0.011172206743140109
spatial_binding_D12,1,0,coeff_source2_all_reads,5,16,0.007411450417445554,-0.05408701045221277,0.07245039738544008
spatial_binding_D12,1,0,coeff_source2_all_reads,6,16,0.0066130373743362725,-0.05617646717461563,0.07107442797278052
spatial_binding_D12,1,0,coeff_source2_all_reads,7,16,0.006312764715403325,-0.05640123069557982,0.0709653240754657
spatial_binding_D12,1,0,coeff_source2_all_reads,8,16,0.0062044863783133584,-0.05631746458432947,0.07051133612694684
spatial_binding_D12,1,0,coeff_source2_all_reads,9,16,0.006227877582811434,-0.056277290720512005,0.06959267305258736
spatial_binding_D12,1,0,coeff_source2_all_reads,10,16,0.006299560326927654,-0.05592274798715758,0.06871524586967999
spatial_binding_D12,1,0,coeff_source2_all_reads,11,16,0.00638593824502702,-0.05498485525070767,0.06813328962768232
spatial_binding_D12,1,0,coeff_source2_all_reads,12,16,0.006471165436475228,-0.0548932143309988,0.06778964535017924
spatial_binding_D12,1,0,coeff_source2_all_reads,13,16,0.006544473524021061,-0.05394364252533706,0.0670801270925949
spatial_binding_D12,1,0,coeff_source2_all_reads,14,16,0.006596971641556589,-0.053041359043102906,0.06650906794287341
spatial_binding_D12,1,0,coeff_source2_all_reads,15,16,-0.007862951016553172,-0.04581093131696434,0.029801824727004086
spatial_binding_D12,1,0,coeff_source2_all_reads,16,16,0.03100466212102523,-0.01377830680782305,0.08030648803445123
spatial_binding_D12,1,1,coeff_source2_all_reads,0,16,0.0,0.0,0.0
spatial_binding_D12,1,1,coeff_source2_all_reads,1,16,0.0,0.0,0.0
spatial_binding_D12,1,1,coeff_source2_all_reads,2,16,-0.01182070842393538,-0.08027321170792069,0.058052854724716385
spatial_binding_D12,1,1,coeff_source2_all_reads,3,16,0.020467404179119818,-0.06229276846424909,0.0959027646909817
spatial_binding_D12,1,1,coeff_source2_all_reads,4,16,0.011424407983819647,-0.06948079030262307,0.08323300249661163
spatial_binding_D12,1,1,coeff_source2_all_reads,5,16,-0.01687450865089582,-0.08741315890996097,0.05617095800286431
spatial_binding_D12,1,1,coeff_source2_all_reads,6,16,-0.016123270004754886,-0.08691856795970429,0.05715915948045825
spatial_binding_D12,1,1,coeff_source2_all_reads,7,16,-0.01508025093183581,-0.08749910541370505,0.058562117806892765
spatial_binding_D12,1,1,coeff_source2_all_reads,8,16,-0.014290434424765398,-0.08784416398120812,0.060798686737204254
spatial_binding_D12,1,1,coeff_source2_all_reads,9,16,-0.013670139941192854,-0.088811102324568,0.06244940183193344
spatial_binding_D12,1,1,coeff_source2_all_reads,10,16,-0.01315622495894786,-0.0884634820438805,0.0634187886634511
spatial_binding_D12,1,1,coeff_source2_all_reads,11,16,-0.012720247837023628,-0.08863476780941255,0.06435708495591824
spatial_binding_D12,1,1,coeff_source2_all_reads,12,16,-0.012351131012413433,-0.08867390226620651,0.06460024272691947
spatial_binding_D12,1,1,coeff_source2_all_reads,13,16,-0.012036922445986413,-0.08857468776441237,0.06469526563814716
spatial_binding_D12,1,1,coeff_source2_all_reads,14,16,-0.011774880860078451,-0.08835346689108214,0.06499685643429977
spatial_binding_D12,1,1,coeff_source2_all_reads,15,16,-0.10968472520714083,-0.12847700157241584,-0.08796356691703601
spatial_binding_D12,1,1,coeff_source2_all_reads,16,16,-0.03761292846077898,-0.07647623348299627,0.00031444902706423444
spatial_binding_D12,2,0,coeff_source2_all_reads,0,16,0.0,0.0,0.0
spatial_binding_D12,2,0,coeff_source2_all_reads,1,16,0.0,0.0,0.0
spatial_binding_D12,2,0,coeff_source2_all_reads,2,16,-0.02099467282823752,-0.08347608659278193,0.047911342558775986
spatial_binding_D12,2,0,coeff_source2_all_reads,3,16,-0.02326255712250713,-0.08841684999521626,0.04193798200867602
spatial_binding_D12,2,0,coeff_source2_all_reads,4,16,-0.020352881492726738,-0.08281309176415258,0.04118425703394067
spatial_binding_D12,2,0,coeff_source2_all_reads,5,16,-0.008798712680193908,-0.056963365636814464,0.03612813319147478
spatial_binding_D12,2,0,coeff_source2_all_reads,6,16,-0.009413906761134664,-0.05242613791221326,0.030377262379867404
spatial_binding_D12,2,0,coeff_source2_all_reads,7,16,-0.009102880219870713,-0.04782503995417452,0.02705891281008603
spatial_binding_D12,2,0,coeff_source2_all_reads,8,16,-0.008706445175145442,-0.04381954332008414,0.024355690902060134
spatial_binding_D12,2,0,coeff_source2_all_reads,9,16,-0.00833972198840153,-0.04114697210983043,0.0230056239482413
spatial_binding_D12,2,0,coeff_source2_all_reads,10,16,-0.007951204278166792,-0.03897314191256858,0.021066599580111218
spatial_binding_D12,2,0,coeff_source2_all_reads,11,16,-0.007568592254225829,-0.037088587710483505,0.019773586228209662
spatial_binding_D12,2,0,coeff_source2_all_reads,12,16,-0.007199160318123177,-0.035527373963365486,0.01861030347924193
spatial_binding_D12,2,0,coeff_source2_all_reads,13,16,-0.00684039108697713,-0.03417147660741951,0.017797958437949988
spatial_binding_D12,2,0,coeff_source2_all_reads,14,16,-0.006477597407259356,-0.032910039389389564,0.01722415324790442
spatial_binding_D12,2,0,coeff_source2_all_reads,15,16,0.014326465636258945,-0.017405475690854173,0.04561871283610039
spatial_binding_D12,2,0,coeff_source2_all_reads,16,16,-0.08859140357041423,-0.17960475095145131,0.0013151325564346179
spatial_binding_D12,2,1,coeff_source2_all_reads,0,16,0.0,0.0,0.0
spatial_binding_D12,2,1,coeff_source2_all_reads,1,16,0.0,0.0,0.0
spatial_binding_D12,2,1,coeff_source2_all_reads,2,16,0.0044329928932711465,-0.028687608174186606,0.0348795116004112
spatial_binding_D12,2,1,coeff_source2_all_reads,3,16,-0.004970343903020572,-0.03874877949395265,0.03438390674617343
spatial_binding_D12,2,1,coeff_source2_all_reads,4,16,-0.007323406270491736,-0.042041590422983666,0.027160404370685353
spatial_binding_D12,2,1,coeff_source2_all_reads,5,16,-0.014975572977467285,-0.06117536864488404,0.03028441553766847
spatial_binding_D12,2,1,coeff_source2_all_reads,6,16,-0.014967301860451698,-0.05823819106311324,0.028969731345205217
spatial_binding_D12,2,1,coeff_source2_all_reads,7,16,-0.015186511989062032,-0.05611850143419967,0.026531573802155102
spatial_binding_D12,2,1,coeff_source2_all_reads,8,16,-0.015408398593232654,-0.054918745121055206,0.02441407968435668
spatial_binding_D12,2,1,coeff_source2_all_reads,9,16,-0.015565694717224686,-0.05429691760631007,0.023126363395810274
spatial_binding_D12,2,1,coeff_source2_all_reads,10,16,-0.015661821118555963,-0.05354428821301553,0.021888875672205658
spatial_binding_D12,2,1,coeff_source2_all_reads,11,16,-0.01574348382321962,-0.05265367917551581,0.020993591858496054
spatial_binding_D12,2,1,coeff_source2_all_reads,12,16,-0.01580704378041749,-0.05182358216309998,0.02011280566512139
spatial_binding_D12,2,1,coeff_source2_all_reads,13,16,-0.01585066172507747,-0.05139602779709093,0.019280712250232056
spatial_binding_D12,2,1,coeff_source2_all_reads,14,16,-0.015876223793990597,-0.050887638309723114,0.018875401020219815
spatial_binding_D12,2,1,coeff_source2_all_reads,15,16,0.04317539721766177,0.005967474526066024,0.07930001519780487
spatial_binding_D12,2,1,coeff_source2_all_reads,16,16,-0.03818934152635241,-0.08309583090234203,0.012872743322926223
