task,condition,subtype,n,rate,low,high
orientation_cued,inhibit_background_encoding_0.5,signal,26,0.7307692307692307,0.5391695962082381,0.8629555167798162
orientation_cued,inhibit_background_encoding_0.5,noise,38,0.0,0,0.09180986822558396
orientation_cued,inhibit_background_encoding_0.5,unchanged_target,24,0.0,0,0.13797620467498017
orientation_cued,inhibit_background_encoding_0.5,opposite_target,14,0.0,0,0.2153108027376358
orientation_cued,inhibit_background_encoding_1.0,signal,26,0.7307692307692307,0.5391695962082381,0.8629555167798162
orientation_cued,inhibit_background_encoding_1.0,noise,38,0.0,0,0.09180986822558396
orientation_cued,inhibit_background_encoding_1.0,unchanged_target,24,0.0,0,0.13797620467498017
orientation_cued,inhibit_background_encoding_1.0,opposite_target,14,0.0,0,0.2153108027376358
orientation_cued,inhibit_background_probe_0.5,signal,26,0.7307692307692307,0.5391695962082381,0.8629555167798162
orientation_cued,inhibit_background_probe_0.5,noise,38,0.0,0,0.09180986822558396
orientation_cued,inhibit_background_probe_0.5,unchanged_target,24,0.0,0,0.13797620467498017
orientation_cued,inhibit_background_probe_0.5,opposite_target,14,0.0,0,0.2153108027376358
orientation_cued,inhibit_background_probe_1.0,signal,26,0.7307692307692307,0.5391695962082381,0.8629555167798162
orientation_cued,inhibit_background_probe_1.0,noise,38,0.0,0,0.09180986822558396
orientation_cued,inhibit_background_probe_1.0,unchanged_target,24,0.0,0,0.13797620467498017
orientation_cued,inhibit_background_probe_1.0,opposite_target,14,0.0,0,0.2153108027376358
orientation_cued,inhibit_background_retention_0.5,signal,26,0.7307692307692307,0.5391695962082381,0.8629555167798162
orientation_cued,inhibit_background_retention_0.5,noise,38,0.0,0,0.09180986822558396
orientation_cued,inhibit_background_retention_0.5,unchanged_target,24,0.0,0,0.13797620467498017
orientation_cued,inhibit_background_retention_0.5,opposite_target,14,0.0,0,0.2153108027376358
orientation_cued,inhibit_background_retention_1.0,signal,26,0.7307692307692307,0.5391695962082381,0.8629555167798162
orientation_cued,inhibit_background_retention_1.0,noise,38,0.0,0,0.09180986822558396
orientation_cued,inhibit_background_retention_1.0,unchanged_target,24,0.0,0,0.13797620467498017
orientation_cued,inhibit_background_retention_1.0,opposite_target,14,0.0,0,0.2153108027376358
orientation_cued,inhibit_cued_encoding_0.5,signal,26,0.7307692307692307,0.5391695962082381,0.8629555167798162
orientation_cued,inhibit_cued_encoding_0.5,noise,38,0.0,0,0.09180986822558396
orientation_cued,inhibit_cued_encoding_0.5,unchanged_target,24,0.0,0,0.13797620467498017
orientation_cued,inhibit_cued_encoding_0.5,opposite_target,14,0.0,0,0.2153108027376358
orientation_cued,inhibit_cued_encoding_1.0,signal,26,0.7307692307692307,0.5391695962082381,0.8629555167798162
orientation_cued,inhibit_cued_encoding_1.0,noise,38,0.0,0,0.09180986822558396
orientation_cued,inhibit_cued_encoding_1.0,unchanged_target,24,0.0,0,0.13797620467498017
orientation_cued,inhibit_cued_encoding_1.0,opposite_target,14,0.0,0,0.2153108027376358
orientation_cued,inhibit_cued_probe_0.5,signal,26,0.6923076923076923,0.5001174167780164,0.8349868440453624
orientation_cued,inhibit_cued_probe_0.5,noise,38,0.0,0,0.09180986822558396
orientation_cued,inhibit_cued_probe_0.5,unchanged_target,24,0.0,0,0.13797620467498017
orientation_cued,inhibit_cued_probe_0.5,opposite_target,14,0.0,0,0.2153108027376358
orientation_cued,inhibit_cued_probe_1.0,signal,26,0.6923076923076923,0.5001174167780164,0.8349868440453624
orientation_cued,inhibit_cued_probe_1.0,noise,38,0.02631578947368421,0.004660587685768783,0.1349487611595213
orientation_cued,inhibit_cued_probe_1.0,unchanged_target,24,0.041666666666666664,0.0073934561655057685,0.20241806478655938
orientation_cued,inhibit_cued_probe_1.0,opposite_target,14,0.0,0,0.2153108027376358
orientation_cued,inhibit_cued_retention_0.5,signal,26,0.6923076923076923,0.5001174167780164,0.8349868440453624
orientation_cued,inhibit_cued_retention_0.5,noise,38,0.0,0,0.09180986822558396
orientation_cued,inhibit_cued_retention_0.5,unchanged_target,24,0.0,0,0.13797620467498017
orientation_cued,inhibit_cued_retention_0.5,opposite_target,14,0.0,0,0.2153108027376358
orientation_cued,inhibit_cued_retention_1.0,signal,26,0.6923076923076923,0.5001174167780164,0.8349868440453624
orientation_cued,inhibit_cued_retention_1.0,noise,38,0.0,0,0.09180986822558396
orientation_cued,inhibit_cued_retention_1.0,unchanged_target,24,0.0,0,0.13797620467498017
orientation_cued,inhibit_cued_retention_1.0,opposite_target,14,0.0,0,0.2153108027376358
orientation_cued,inhibit_foil_encoding_0.5,signal,26,0.7307692307692307,0.5391695962082381,0.8629555167798162
orientation_cued,inhibit_foil_encoding_0.5,noise,38,0.0,0,0.09180986822558396
orientation_cued,inhibit_foil_encoding_0.5,unchanged_target,24,0.0,0,0.13797620467498017
orientation_cued,inhibit_foil_encoding_0.5,opposite_target,14,0.0,0,0.2153108027376358
orientation_cued,inhibit_foil_encoding_1.0,signal,26,0.7307692307692307,0.5391695962082381,0.8629555167798162
orientation_cued,inhibit_foil_encoding_1.0,noise,38,0.0,0,0.09180986822558396
orientation_cued,inhibit_foil_encoding_1.0,unchanged_target,24,0.0,0,0.13797620467498017
orientation_cued,inhibit_foil_encoding_1.0,opposite_target,14,0.0,0,0.2153108027376358
orientation_cued,inhibit_foil_probe_0.5,signal,26,0.7307692307692307,0.5391695962082381,0.8629555167798162
orientation_cued,inhibit_foil_probe_0.5,noise,38,0.0,0,0.09180986822558396
orientation_cued,inhibit_foil_probe_0.5,unchanged_target,24,0.0,0,0.13797620467498017
orientation_cued,inhibit_foil_probe_0.5,opposite_target,14,0.0,0,0.2153108027376358
orientation_cued,inhibit_foil_probe_1.0,signal,26,0.7307692307692307,0.5391695962082381,0.8629555167798162
orientation_cued,inhibit_foil_probe_1.0,noise,38,0.0,0,0.09180986822558396
orientation_cued,inhibit_foil_probe_1.0,unchanged_target,24,0.0,0,0.13797620467498017
orientation_cued,inhibit_foil_probe_1.0,opposite_target,14,0.0,0,0.2153108027376358
orientation_cued,inhibit_foil_retention_0.5,signal,26,0.7307692307692307,0.5391695962082381,0.8629555167798162
orientation_cued,inhibit_foil_retention_0.5,noise,38,0.0,0,0.09180986822558396
orientation_cued,inhibit_foil_retention_0.5,unchanged_target,24,0.0,0,0.13797620467498017
orientation_cued,inhibit_foil_retention_0.5,opposite_target,14,0.0,0,0.2153108027376358
orientation_cued,inhibit_foil_retention_1.0,signal,26,0.7307692307692307,0.5391695962082381,0.8629555167798162
orientation_cued,inhibit_foil_retention_1.0,noise,38,0.0,0,0.09180986822558396
orientation_cued,inhibit_foil_retention_1.0,unchanged_target,24,0.0,0,0.13797620467498017
orientation_cued,inhibit_foil_retention_1.0,opposite_target,14,0.0,0,0.2153108027376358
orientation_cued,sham,signal,26,0.7307692307692307,0.5391695962082381,0.8629555167798162
orientation_cued,sham,noise,38,0.0,0,0.09180986822558396
orientation_cued,sham,unchanged_target,24,0.0,0,0.13797620467498017
orientation_cued,sham,opposite_target,14,0.0,0,0.2153108027376358
orientation_cued,stimulate_background_encoding_-0.5_feature,signal,26,0.7307692307692307,0.5391695962082381,0.8629555167798162
orientation_cued,stimulate_background_encoding_-0.5_feature,noise,38,0.0,0,0.09180986822558396
orientation_cued,stimulate_background_encoding_-0.5_feature,unchanged_target,24,0.0,0,0.13797620467498017
orientation_cued,stimulate_background_encoding_-0.5_feature,opposite_target,14,0.0,0,0.2153108027376358
orientation_cued,stimulate_background_encoding_-0.5_random,signal,26,0.7307692307692307,0.5391695962082381,0.8629555167798162
orientation_cued,stimulate_background_encoding_-0.5_random,noise,38,0.0,0,0.09180986822558396
orientation_cued,stimulate_background_encoding_-0.5_random,unchanged_target,24,0.0,0,0.13797620467498017
orientation_cued,stimulate_background_encoding_-0.5_random,opposite_target,14,0.0,0,0.2153108027376358
orientation_cued,stimulate_background_encoding_-1.0_feature,signal,26,0.7307692307692307,0.5391695962082381,0.8629555167798162
orientation_cued,stimulate_background_encoding_-1.0_feature,noise,38,0.0,0,0.09180986822558396
orientation_cued,stimulate_background_encoding_-1.0_feature,unchanged_target,24,0.0,0,0.13797620467498017
orientation_cued,stimulate_background_encoding_-1.0_feature,opposite_target,14,0.0,0,0.2153108027376358
orientation_cued,stimulate_background_encoding_-1.0_random,signal,26,0.7307692307692307,0.5391695962082381,0.8629555167798162
orientation_cued,stimulate_background_encoding_-1.0_random,noise,38,0.0,0,0.09180986822558396
orientation_cued,stimulate_background_encoding_-1.0_random,unchanged_target,24,0.0,0,0.13797620467498017
orientation_cued,stimulate_background_encoding_-1.0_random,opposite_target,14,0.0,0,0.2153108027376358
orientation_cued,stimulate_background_encoding_0.5_feature,signal,26,0.7307692307692307,0.5391695962082381,0.8629555167798162
orientation_cued,stimulate_background_encoding_0.5_feature,noise,38,0.0,0,0.09180986822558396
orientation_cued,stimulate_background_encoding_0.5_feature,unchanged_target,24,0.0,0,0.13797620467498017
orientation_cued,stimulate_background_encoding_0.5_feature,opposite_target,14,0.0,0,0.2153108027376358
orientation_cued,stimulate_background_encoding_0.5_random,signal,26,0.7307692307692307,0.5391695962082381,0.8629555167798162
orientation_cued,stimulate_background_encoding_0.5_random,noise,38,0.0,0,0.09180986822558396
orientation_cued,stimulate_background_encoding_0.5_random,unchanged_target,24,0.0,0,0.13797620467498017
orientation_cued,stimulate_background_encoding_0.5_random,opposite_target,14,0.0,0,0.2153108027376358
orientation_cued,stimulate_background_encoding_1.0_feature,signal,26,0.7307692307692307,0.5391695962082381,0.8629555167798162
orientation_cued,stimulate_background_encoding_1.0_feature,noise,38,0.0,0,0.09180986822558396
orientation_cued,stimulate_background_encoding_1.0_feature,unchanged_target,24,0.0,0,0.13797620467498017
orientation_cued,stimulate_background_encoding_1.0_feature,opposite_target,14,0.0,0,0.2153108027376358
orientation_cued,stimulate_background_encoding_1.0_random,signal,26,0.7307692307692307,0.5391695962082381,0.8629555167798162
orientation_cued,stimulate_background_encoding_1.0_random,noise,38,0.0,0,0.09180986822558396
orientation_cued,stimulate_background_encoding_1.0_random,unchanged_target,24,0.0,0,0.13797620467498017
orientation_cued,stimulate_background_encoding_1.0_random,opposite_target,14,0.0,0,0.2153108027376358
orientation_cued,stimulate_background_probe_-0.5_feature,signal,26,0.7307692307692307,0.5391695962082381,0.8629555167798162
orientation_cued,stimulate_background_probe_-0.5_feature,noise,38,0.0,0,0.09180986822558396
orientation_cued,stimulate_background_probe_-0.5_feature,unchanged_target,24,0.0,0,0.13797620467498017
orientation_cued,stimulate_background_probe_-0.5_feature,opposite_target,14,0.0,0,0.2153108027376358
orientation_cued,stimulate_background_probe_-0.5_random,signal,26,0.7307692307692307,0.5391695962082381,0.8629555167798162
orientation_cued,stimulate_background_probe_-0.5_random,noise,38,0.0,0,0.09180986822558396
orientation_cued,stimulate_background_probe_-0.5_random,unchanged_target,24,0.0,0,0.13797620467498017
orientation_cued,stimulate_background_probe_-0.5_random,opposite_target,14,0.0,0,0.2153108027376358
orientation_cued,stimulate_background_probe_-1.0_feature,signal,26,0.7307692307692307,0.5391695962082381,0.8629555167798162
orientation_cued,stimulate_background_probe_-1.0_feature,noise,38,0.0,0,0.09180986822558396
orientation_cued,stimulate_background_probe_-1.0_feature,unchanged_target,24,0.0,0,0.13797620467498017
orientation_cued,stimulate_background_probe_-1.0_feature,opposite_target,14,0.0,0,0.2153108027376358
orientation_cued,stimulate_background_probe_-1.0_random,signal,26,0.7307692307692307,0.5391695962082381,0.8629555167798162
orientation_cued,stimulate_background_probe_-1.0_random,noise,38,0.0,0,0.09180986822558396
orientation_cued,stimulate_background_probe_-1.0_random,unchanged_target,24,0.0,0,0.13797620467498017
orientation_cued,stimulate_background_probe_-1.0_random,opposite_target,14,0.0,0,0.2153108027376358
orientation_cued,stimulate_background_probe_0.5_feature,signal,26,0.7307692307692307,0.5391695962082381,0.8629555167798162
orientation_cued,stimulate_background_probe_0.5_feature,noise,38,0.0,0,0.09180986822558396
orientation_cued,stimulate_background_probe_0.5_feature,unchanged_target,24,0.0,0,0.13797620467498017
orientation_cued,stimulate_background_probe_0.5_feature,opposite_target,14,0.0,0,0.2153108027376358
orientation_cued,stimulate_background_probe_0.5_random,signal,26,0.7307692307692307,0.5391695962082381,0.8629555167798162
orientation_cued,stimulate_background_probe_0.5_random,noise,38,0.0,0,0.09180986822558396
orientation_cued,stimulate_background_probe_0.5_random,unchanged_target,24,0.0,0,0.13797620467498017
orientation_cued,stimulate_background_probe_0.5_random,opposite_target,14,0.0,0,0.2153108027376358
orientation_cued,stimulate_background_probe_1.0_feature,signal,26,0.7307692307692307,0.5391695962082381,0.8629555167798162
orientation_cued,stimulate_background_probe_1.0_feature,noise,38,0.0,0,0.09180986822558396
orientation_cued,stimulate_background_probe_1.0_feature,unchanged_target,24,0.0,0,0.13797620467498017
orientation_cued,stimulate_background_probe_1.0_feature,opposite_target,14,0.0,0,0.2153108027376358
orientation_cued,stimulate_background_probe_1.0_random,signal,26,0.7307692307692307,0.5391695962082381,0.8629555167798162
orientation_cued,stimulate_background_probe_1.0_random,noise,38,0.0,0,0.09180986822558396
orientation_cued,stimulate_background_probe_1.0_random,unchanged_target,24,0.0,0,0.13797620467498017
orientation_cued,stimulate_background_probe_1.0_random,opposite_target,14,0.0,0,0.2153108027376358
orientation_cued,stimulate_background_retention_-0.5_feature,signal,26,0.7307692307692307,0.5391695962082381,0.8629555167798162
orientation_cued,stimulate_background_retention_-0.5_feature,noise,38,0.0,0,0.09180986822558396
orientation_cued,stimulate_background_retention_-0.5_feature,unchanged_target,24,0.0,0,0.13797620467498017
orientation_cued,stimulate_background_retention_-0.5_feature,opposite_target,14,0.0,0,0.2153108027376358
orientation_cued,stimulate_background_retention_-0.5_random,signal,26,0.7307692307692307,0.5391695962082381,0.8629555167798162
orientation_cued,stimulate_background_retention_-0.5_random,noise,38,0.0,0,0.09180986822558396
orientation_cued,stimulate_background_retention_-0.5_random,unchanged_target,24,0.0,0,0.13797620467498017
orientation_cued,stimulate_background_retention_-0.5_random,opposite_target,14,0.0,0,0.2153108027376358
orientation_cued,stimulate_background_retention_-1.0_feature,signal,26,0.7307692307692307,0.5391695962082381,0.8629555167798162
orientation_cued,stimulate_background_retention_-1.0_feature,noise,38,0.0,0,0.09180986822558396
orientation_cued,stimulate_background_retention_-1.0_feature,unchanged_target,24,0.0,0,0.13797620467498017
orientation_cued,stimulate_background_retention_-1.0_feature,opposite_target,14,0.0,0,0.2153108027376358
orientation_cued,stimulate_background_retention_-1.0_random,signal,26,0.7307692307692307,0.5391695962082381,0.8629555167798162
orientation_cued,stimulate_background_retention_-1.0_random,noise,38,0.0,0,0.09180986822558396
orientation_cued,stimulate_background_retention_-1.0_random,unchanged_target,24,0.0,0,0.13797620467498017
orientation_cued,stimulate_background_retention_-1.0_random,opposite_target,14,0.0,0,0.2153108027376358
orientation_cued,stimulate_background_retention_0.5_feature,signal,26,0.7307692307692307,0.5391695962082381,0.8629555167798162
orientation_cued,stimulate_background_retention_0.5_feature,noise,38,0.0,0,0.09180986822558396
orientation_cued,stimulate_background_retention_0.5_feature,unchanged_target,24,0.0,0,0.13797620467498017
orientation_cued,stimulate_background_retention_0.5_feature,opposite_target,14,0.0,0,0.2153108027376358
orientation_cued,stimulate_background_retention_0.5_random,signal,26,0.7307692307692307,0.5391695962082381,0.8629555167798162
orientation_cued,stimulate_background_retention_0.5_random,noise,38,0.0,0,0.09180986822558396
orientation_cued,stimulate_background_retention_0.5_random,unchanged_target,24,0.0,0,0.13797620467498017
orientation_cued,stimulate_background_retention_0.5_random,opposite_target,14,0.0,0,0.2153108027376358
orientation_cued,stimulate_background_retention_1.0_feature,signal,26,0.7307692307692307,0.5391695962082381,0.8629555167798162
orientation_cued,stimulate_background_retention_1.0_feature,noise,38,0.0,0,0.09180986822558396
orientation_cued,stimulate_background_retention_1.0_feature,unchanged_target,24,0.0,0,0.13797620467498017
orientation_cued,stimulate_background_retention_1.0_feature,opposite_target,14,0.0,0,0.2153108027376358
orientation_cued,stimulate_background_retention_1.0_random,signal,26,0.7307692307692307,0.5391695962082381,0.8629555167798162
orientation_cued,stimulate_background_retention_1.0_random,noise,38,0.0,0,0.09180986822558396
orientation_cued,stimulate_background_retention_1.0_random,unchanged_target,24,0.0,0,0.13797620467498017
orientation_cued,stimulate_background_retention_1.0_random,opposite_target,14,0.0,0,0.2153108027376358
orientation_cued,stimulate_cued_encoding_-0.5_feature,signal,26,0.7307692307692307,0.5391695962082381,0.8629555167798162
orientation_cued,stimulate_cued_encoding_-0.5_feature,noise,38,0.0,0,0.09180986822558396
orientation_cued,stimulate_cued_encoding_-0.5_feature,unchanged_target,24,0.0,0,0.13797620467498017
orientation_cued,stimulate_cued_encoding_-0.5_feature,opposite_target,14,0.0,0,0.2153108027376358
orientation_cued,stimulate_cued_encoding_-0.5_random,signal,26,0.7307692307692307,0.5391695962082381,0.8629555167798162
orientation_cued,stimulate_cued_encoding_-0.5_random,noise,38,0.0,0,0.09180986822558396
orientation_cued,stimulate_cued_encoding_-0.5_random,unchanged_target,24,0.0,0,0.13797620467498017
orientation_cued,stimulate_cued_encoding_-0.5_random,opposite_target,14,0.0,0,0.2153108027376358
orientation_cued,stimulate_cued_encoding_-1.0_feature,signal,26,0.6923076923076923,0.5001174167780164,0.8349868440453624
orientation_cued,stimulate_cued_encoding_-1.0_feature,noise,38,0.0,0,0.09180986822558396
orientation_cued,stimulate_cued_encoding_-1.0_feature,unchanged_target,24,0.0,0,0.13797620467498017
orientation_cued,stimulate_cued_encoding_-1.0_feature,opposite_target,14,0.0,0,0.2153108027376358
orientation_cued,stimulate_cued_encoding_-1.0_random,signal,26,0.7307692307692307,0.5391695962082381,0.8629555167798162
orientation_cued,stimulate_cued_encoding_-1.0_random,noise,38,0.0,0,0.09180986822558396
orientation_cued,stimulate_cued_encoding_-1.0_random,unchanged_target,24,0.0,0,0.13797620467498017
orientation_cued,stimulate_cued_encoding_-1.0_random,opposite_target,14,0.0,0,0.2153108027376358
orientation_cued,stimulate_cued_encoding_0.5_feature,signal,26,0.6538461538461539,0.46220571188810816,0.8058776967705947
orientation_cued,stimulate_cued_encoding_0.5_feature,noise,38,0.0,0,0.09180986822558396
orientation_cued,stimulate_cued_encoding_0.5_feature,unchanged_target,24,0.0,0,0.13797620467498017
orientation_cued,stimulate_cued_encoding_0.5_feature,opposite_target,14,0.0,0,0.2153108027376358
orientation_cued,stimulate_cued_encoding_0.5_random,signal,26,0.7307692307692307,0.5391695962082381,0.8629555167798162
orientation_cued,stimulate_cued_encoding_0.5_random,noise,38,0.0,0,0.09180986822558396
orientation_cued,stimulate_cued_encoding_0.5_random,unchanged_target,24,0.0,0,0.13797620467498017
orientation_cued,stimulate_cued_encoding_0.5_random,opposite_target,14,0.0,0,0.2153108027376358
orientation_cued,stimulate_cued_encoding_1.0_feature,signal,26,0.6538461538461539,0.46220571188810816,0.8058776967705947
orientation_cued,stimulate_cued_encoding_1.0_feature,noise,38,0.0,0,0.09180986822558396
orientation_cued,stimulate_cued_encoding_1.0_feature,unchanged_target,24,0.0,0,0.13797620467498017
orientation_cued,stimulate_cued_encoding_1.0_feature,opposite_target,14,0.0,0,0.2153108027376358
orientation_cued,stimulate_cued_encoding_1.0_random,signal,26,0.6923076923076923,0.5001174167780164,0.8349868440453624
orientation_cued,stimulate_cued_encoding_1.0_random,noise,38,0.0,0,0.09180986822558396
orientation_cued,stimulate_cued_encoding_1.0_random,unchanged_target,24,0.0,0,0.13797620467498017
orientation_cued,stimulate_cued_encoding_1.0_random,opposite_target,14,0.0,0,0.2153108027376358
orientation_cued,stimulate_cued_probe_-0.5_feature,signal,26,0.6538461538461539,0.46220571188810816,0.8058776967705947
orientation_cued,stimulate_cued_probe_-0.5_feature,noise,38,0.02631578947368421,0.004660587685768783,0.1349487611595213
orientation_cued,stimulate_cued_probe_-0.5_feature,unchanged_target,24,0.041666666666666664,0.0073934561655057685,0.20241806478655938
orientation_cued,stimulate_cued_probe_-0.5_feature,opposite_target,14,0.0,0,0.2153108027376358
orientation_cued,stimulate_cued_probe_-0.5_random,signal,26,0.7307692307692307,0.5391695962082381,0.8629555167798162
orientation_cued,stimulate_cued_probe_-0.5_random,noise,38,0.0,0,0.09180986822558396
orientation_cued,stimulate_cued_probe_-0.5_random,unchanged_target,24,0.0,0,0.13797620467498017
orientation_cued,stimulate_cued_probe_-0.5_random,opposite_target,14,0.0,0,0.2153108027376358
orientation_cued,stimulate_cued_probe_-1.0_feature,signal,26,0.6538461538461539,0.46220571188810816,0.8058776967705947
orientation_cued,stimulate_cued_probe_-1.0_feature,noise,38,0.05263157894736842,0.014554208147292413,0.17285462131770377
orientation_cued,stimulate_cued_probe_-1.0_feature,unchanged_target,24,0.08333333333333333,0.023158815297043306,0.25848802193210685
orientation_cued,stimulate_cued_probe_-1.0_feature,opposite_target,14,0.0,0,0.2153108027376358
orientation_cued,stimulate_cued_probe_-1.0_random,signal,26,0.7307692307692307,0.5391695962082381,0.8629555167798162
orientation_cued,stimulate_cued_probe_-1.0_random,noise,38,0.0,0,0.09180986822558396
orientation_cued,stimulate_cued_probe_-1.0_random,unchanged_target,24,0.0,0,0.13797620467498017
orientation_cued,stimulate_cued_probe_-1.0_random,opposite_target,14,0.0,0,0.2153108027376358
orientation_cued,stimulate_cued_probe_0.5_feature,signal,26,0.7307692307692307,0.5391695962082381,0.8629555167798162
orientation_cued,stimulate_cued_probe_0.5_feature,noise,38,0.0,0,0.09180986822558396
orientation_cued,stimulate_cued_probe_0.5_feature,unchanged_target,24,0.0,0,0.13797620467498017
orientation_cued,stimulate_cued_probe_0.5_feature,opposite_target,14,0.0,0,0.2153108027376358
orientation_cued,stimulate_cued_probe_0.5_random,signal,26,0.6923076923076923,0.5001174167780164,0.8349868440453624
orientation_cued,stimulate_cued_probe_0.5_random,noise,38,0.0,0,0.09180986822558396
orientation_cued,stimulate_cued_probe_0.5_random,unchanged_target,24,0.0,0,0.13797620467498017
orientation_cued,stimulate_cued_probe_0.5_random,opposite_target,14,0.0,0,0.2153108027376358
orientation_cued,stimulate_cued_probe_1.0_feature,signal,26,0.7692307692307693,0.5794844592105632,0.8896615059421671
orientation_cued,stimulate_cued_probe_1.0_feature,noise,38,0.0,0,0.09180986822558396
orientation_cued,stimulate_cued_probe_1.0_feature,unchanged_target,24,0.0,0,0.13797620467498017
orientation_cued,stimulate_cued_probe_1.0_feature,opposite_target,14,0.0,0,0.2153108027376358
orientation_cued,stimulate_cued_probe_1.0_random,signal,26,0.6538461538461539,0.46220571188810816,0.8058776967705947
orientation_cued,stimulate_cued_probe_1.0_random,noise,38,0.0,0,0.09180986822558396
orientation_cued,stimulate_cued_probe_1.0_random,unchanged_target,24,0.0,0,0.13797620467498017
orientation_cued,stimulate_cued_probe_1.0_random,opposite_target,14,0.0,0,0.2153108027376358
orientation_cued,stimulate_cued_retention_-0.5_feature,signal,26,0.7307692307692307,0.5391695962082381,0.8629555167798162
orientation_cued,stimulate_cued_retention_-0.5_feature,noise,38,0.0,0,0.09180986822558396
orientation_cued,stimulate_cued_retention_-0.5_feature,unchanged_target,24,0.0,0,0.13797620467498017
orientation_cued,stimulate_cued_retention_-0.5_feature,opposite_target,14,0.0,0,0.2153108027376358
orientation_cued,stimulate_cued_retention_-0.5_random,signal,26,0.7307692307692307,0.5391695962082381,0.8629555167798162
orientation_cued,stimulate_cued_retention_-0.5_random,noise,38,0.0,0,0.09180986822558396
orientation_cued,stimulate_cued_retention_-0.5_random,unchanged_target,24,0.0,0,0.13797620467498017
orientation_cued,stimulate_cued_retention_-0.5_random,opposite_target,14,0.0,0,0.2153108027376358
orientation_cued,stimulate_cued_retention_-1.0_feature,signal,26,0.7307692307692307,0.5391695962082381,0.8629555167798162
orientation_cued,stimulate_cued_retention_-1.0_feature,noise,38,0.0,0,0.09180986822558396
orientation_cued,stimulate_cued_retention_-1.0_feature,unchanged_target,24,0.0,0,0.13797620467498017
orientation_cued,stimulate_cued_retention_-1.0_feature,opposite_target,14,0.0,0,0.2153108027376358
orientation_cued,stimulate_cued_retention_-1.0_random,signal,26,0.7307692307692307,0.5391695962082381,0.8629555167798162
orientation_cued,stimulate_cued_retention_-1.0_random,noise,38,0.0,0,0.09180986822558396
orientation_cued,stimulate_cued_retention_-1.0_random,unchanged_target,24,0.0,0,0.13797620467498017
orientation_cued,stimulate_cued_retention_-1.0_random,opposite_target,14,0.0,0,0.2153108027376358
orientation_cued,stimulate_cued_retention_0.5_feature,signal,26,0.6923076923076923,0.5001174167780164,0.8349868440453624
orientation_cued,stimulate_cued_retention_0.5_feature,noise,38,0.0,0,0.09180986822558396
orientation_cued,stimulate_cued_retention_0.5_feature,unchanged_target,24,0.0,0,0.13797620467498017
orientation_cued,stimulate_cued_retention_0.5_feature,opposite_target,14,0.0,0,0.2153108027376358
orientation_cued,stimulate_cued_retention_0.5_random,signal,26,0.7307692307692307,0.5391695962082381,0.8629555167798162
orientation_cued,stimulate_cued_retention_0.5_random,noise,38,0.0,0,0.09180986822558396
orientation_cued,stimulate_cued_retention_0.5_random,unchanged_target,24,0.0,0,0.13797620467498017
orientation_cued,stimulate_cued_retention_0.5_random,opposite_target,14,0.0,0,0.2153108027376358
orientation_cued,stimulate_cued_retention_1.0_feature,signal,26,0.6153846153846154,0.4253485008511553,0.7757140556428721
orientation_cued,stimulate_cued_retention_1.0_feature,noise,38,0.0,0,0.09180986822558396
orientation_cued,stimulate_cued_retention_1.0_feature,unchanged_target,24,0.0,0,0.13797620467498017
orientation_cued,stimulate_cued_retention_1.0_feature,opposite_target,14,0.0,0,0.2153108027376358
orientation_cued,stimulate_cued_retention_1.0_random,signal,26,0.7307692307692307,0.5391695962082381,0.8629555167798162
orientation_cued,stimulate_cued_retention_1.0_random,noise,38,0.0,0,0.09180986822558396
orientation_cued,stimulate_cued_retention_1.0_random,unchanged_target,24,0.0,0,0.13797620467498017
orientation_cued,stimulate_cued_retention_1.0_random,opposite_target,14,0.0,0,0.2153108027376358
orientation_cued,stimulate_foil_encoding_-0.5_feature,signal,26,0.7307692307692307,0.5391695962082381,0.8629555167798162
orientation_cued,stimulate_foil_encoding_-0.5_feature,noise,38,0.0,0,0.09180986822558396
orientation_cued,stimulate_foil_encoding_-0.5_feature,unchanged_target,24,0.0,0,0.13797620467498017
orientation_cued,stimulate_foil_encoding_-0.5_feature,opposite_target,14,0.0,0,0.2153108027376358
orientation_cued,stimulate_foil_encoding_-0.5_random,signal,26,0.7307692307692307,0.5391695962082381,0.8629555167798162
orientation_cued,stimulate_foil_encoding_-0.5_random,noise,38,0.0,0,0.09180986822558396
orientation_cued,stimulate_foil_encoding_-0.5_random,unchanged_target,24,0.0,0,0.13797620467498017
orientation_cued,stimulate_foil_encoding_-0.5_random,opposite_target,14,0.0,0,0.2153108027376358
orientation_cued,stimulate_foil_encoding_-1.0_feature,signal,26,0.7307692307692307,0.5391695962082381,0.8629555167798162
orientation_cued,stimulate_foil_encoding_-1.0_feature,noise,38,0.0,0,0.09180986822558396
orientation_cued,stimulate_foil_encoding_-1.0_feature,unchanged_target,24,0.0,0,0.13797620467498017
orientation_cued,stimulate_foil_encoding_-1.0_feature,opposite_target,14,0.0,0,0.2153108027376358
orientation_cued,stimulate_foil_encoding_-1.0_random,signal,26,0.7307692307692307,0.5391695962082381,0.8629555167798162
orientation_cued,stimulate_foil_encoding_-1.0_random,noise,38,0.0,0,0.09180986822558396
orientation_cued,stimulate_foil_encoding_-1.0_random,unchanged_target,24,0.0,0,0.13797620467498017
orientation_cued,stimulate_foil_encoding_-1.0_random,opposite_target,14,0.0,0,0.2153108027376358
orientation_cued,stimulate_foil_encoding_0.5_feature,signal,26,0.7307692307692307,0.5391695962082381,0.8629555167798162
orientation_cued,stimulate_foil_encoding_0.5_feature,noise,38,0.0,0,0.09180986822558396
orientation_cued,stimulate_foil_encoding_0.5_feature,unchanged_target,24,0.0,0,0.13797620467498017
orientation_cued,stimulate_foil_encoding_0.5_feature,opposite_target,14,0.0,0,0.2153108027376358
orientation_cued,stimulate_foil_encoding_0.5_random,signal,26,0.7307692307692307,0.5391695962082381,0.8629555167798162
orientation_cued,stimulate_foil_encoding_0.5_random,noise,38,0.0,0,0.09180986822558396
orientation_cued,stimulate_foil_encoding_0.5_random,unchanged_target,24,0.0,0,0.13797620467498017
orientation_cued,stimulate_foil_encoding_0.5_random,opposite_target,14,0.0,0,0.2153108027376358
orientation_cued,stimulate_foil_encoding_1.0_feature,signal,26,0.6923076923076923,0.5001174167780164,0.8349868440453624
orientation_cued,stimulate_foil_encoding_1.0_feature,noise,38,0.0,0,0.09180986822558396
orientation_cued,stimulate_foil_encoding_1.0_feature,unchanged_target,24,0.0,0,0.13797620467498017
orientation_cued,stimulate_foil_encoding_1.0_feature,opposite_target,14,0.0,0,0.2153108027376358
orientation_cued,stimulate_foil_encoding_1.0_random,signal,26,0.7307692307692307,0.5391695962082381,0.8629555167798162
orientation_cued,stimulate_foil_encoding_1.0_random,noise,38,0.0,0,0.09180986822558396
orientation_cued,stimulate_foil_encoding_1.0_random,unchanged_target,24,0.0,0,0.13797620467498017
orientation_cued,stimulate_foil_encoding_1.0_random,opposite_target,14,0.0,0,0.2153108027376358
orientation_cued,stimulate_foil_probe_-0.5_feature,signal,26,0.7307692307692307,0.5391695962082381,0.8629555167798162
orientation_cued,stimulate_foil_probe_-0.5_feature,noise,38,0.0,0,0.09180986822558396
orientation_cued,stimulate_foil_probe_-0.5_feature,unchanged_target,24,0.0,0,0.13797620467498017
orientation_cued,stimulate_foil_probe_-0.5_feature,opposite_target,14,0.0,0,0.2153108027376358
orientation_cued,stimulate_foil_probe_-0.5_random,signal,26,0.7307692307692307,0.5391695962082381,0.8629555167798162
orientation_cued,stimulate_foil_probe_-0.5_random,noise,38,0.0,0,0.09180986822558396
orientation_cued,stimulate_foil_probe_-0.5_random,unchanged_target,24,0.0,0,0.13797620467498017
orientation_cued,stimulate_foil_probe_-0.5_random,opposite_target,14,0.0,0,0.2153108027376358
orientation_cued,stimulate_foil_probe_-1.0_feature,signal,26,0.7307692307692307,0.5391695962082381,0.8629555167798162
orientation_cued,stimulate_foil_probe_-1.0_feature,noise,38,0.0,0,0.09180986822558396
orientation_cued,stimulate_foil_probe_-1.0_feature,unchanged_target,24,0.0,0,0.13797620467498017
orientation_cued,stimulate_foil_probe_-1.0_feature,opposite_target,14,0.0,0,0.2153108027376358
orientation_cued,stimulate_foil_probe_-1.0_random,signal,26,0.7307692307692307,0.5391695962082381,0.8629555167798162
orientation_cued,stimulate_foil_probe_-1.0_random,noise,38,0.0,0,0.09180986822558396
orientation_cued,stimulate_foil_probe_-1.0_random,unchanged_target,24,0.0,0,0.13797620467498017
orientation_cued,stimulate_foil_probe_-1.0_random,opposite_target,14,0.0,0,0.2153108027376358
orientation_cued,stimulate_foil_probe_0.5_feature,signal,26,0.7307692307692307,0.5391695962082381,0.8629555167798162
orientation_cued,stimulate_foil_probe_0.5_feature,noise,38,0.0,0,0.09180986822558396
orientation_cued,stimulate_foil_probe_0.5_feature,unchanged_target,24,0.0,0,0.13797620467498017
orientation_cued,stimulate_foil_probe_0.5_feature,opposite_target,14,0.0,0,0.2153108027376358
orientation_cued,stimulate_foil_probe_0.5_random,signal,26,0.7307692307692307,0.5391695962082381,0.8629555167798162
orientation_cued,stimulate_foil_probe_0.5_random,noise,38,0.0,0,0.09180986822558396
orientation_cued,stimulate_foil_probe_0.5_random,unchanged_target,24,0.0,0,0.13797620467498017
orientation_cued,stimulate_foil_probe_0.5_random,opposite_target,14,0.0,0,0.2153108027376358
orientation_cued,stimulate_foil_probe_1.0_feature,signal,26,0.6923076923076923,0.5001174167780164,0.8349868440453624
orientation_cued,stimulate_foil_probe_1.0_feature,noise,38,0.0,0,0.09180986822558396
orientation_cued,stimulate_foil_probe_1.0_feature,unchanged_target,24,0.0,0,0.13797620467498017
orientation_cued,stimulate_foil_probe_1.0_feature,opposite_target,14,0.0,0,0.2153108027376358
orientation_cued,stimulate_foil_probe_1.0_random,signal,26,0.7307692307692307,0.5391695962082381,0.8629555167798162
orientation_cued,stimulate_foil_probe_1.0_random,noise,38,0.0,0,0.09180986822558396
orientation_cued,stimulate_foil_probe_1.0_random,unchanged_target,24,0.0,0,0.13797620467498017
orientation_cued,stimulate_foil_probe_1.0_random,opposite_target,14,0.0,0,0.2153108027376358
orientation_cued,stimulate_foil_retention_-0.5_feature,signal,26,0.7307692307692307,0.5391695962082381,0.8629555167798162
orientation_cued,stimulate_foil_retention_-0.5_feature,noise,38,0.0,0,0.09180986822558396
orientation_cued,stimulate_foil_retention_-0.5_feature,unchanged_target,24,0.0,0,0.13797620467498017
orientation_cued,stimulate_foil_retention_-0.5_feature,opposite_target,14,0.0,0,0.2153108027376358
orientation_cued,stimulate_foil_retention_-0.5_random,signal,26,0.7307692307692307,0.5391695962082381,0.8629555167798162
orientation_cued,stimulate_foil_retention_-0.5_random,noise,38,0.0,0,0.09180986822558396
orientation_cued,stimulate_foil_retention_-0.5_random,unchanged_target,24,0.0,0,0.13797620467498017
orientation_cued,stimulate_foil_retention_-0.5_random,opposite_target,14,0.0,0,0.2153108027376358
orientation_cued,stimulate_foil_retention_-1.0_feature,signal,26,0.7307692307692307,0.5391695962082381,0.8629555167798162
orientation_cued,stimulate_foil_retention_-1.0_feature,noise,38,0.0,0,0.09180986822558396
orientation_cued,stimulate_foil_retention_-1.0_feature,unchanged_target,24,0.0,0,0.13797620467498017
orientation_cued,stimulate_foil_retention_-1.0_feature,opposite_target,14,0.0,0,0.2153108027376358
orientation_cued,stimulate_foil_retention_-1.0_random,signal,26,0.7307692307692307,0.5391695962082381,0.8629555167798162
orientation_cued,stimulate_foil_retention_-1.0_random,noise,38,0.0,0,0.09180986822558396
orientation_cued,stimulate_foil_retention_-1.0_random,unchanged_target,24,0.0,0,0.13797620467498017
orientation_cued,stimulate_foil_retention_-1.0_random,opposite_target,14,0.0,0,0.2153108027376358
orientation_cued,stimulate_foil_retention_0.5_feature,signal,26,0.7307692307692307,0.5391695962082381,0.8629555167798162
orientation_cued,stimulate_foil_retention_0.5_feature,noise,38,0.0,0,0.09180986822558396
orientation_cued,stimulate_foil_retention_0.5_feature,unchanged_target,24,0.0,0,0.13797620467498017
orientation_cued,stimulate_foil_retention_0.5_feature,opposite_target,14,0.0,0,0.2153108027376358
orientation_cued,stimulate_foil_retention_0.5_random,signal,26,0.7307692307692307,0.5391695962082381,0.8629555167798162
orientation_cued,stimulate_foil_retention_0.5_random,noise,38,0.0,0,0.09180986822558396
orientation_cued,stimulate_foil_retention_0.5_random,unchanged_target,24,0.0,0,0.13797620467498017
orientation_cued,stimulate_foil_retention_0.5_random,opposite_target,14,0.0,0,0.2153108027376358
orientation_cued,stimulate_foil_retention_1.0_feature,signal,26,0.7307692307692307,0.5391695962082381,0.8629555167798162
orientation_cued,stimulate_foil_retention_1.0_feature,noise,38,0.0,0,0.09180986822558396
orientation_cued,stimulate_foil_retention_1.0_feature,unchanged_target,24,0.0,0,0.13797620467498017
orientation_cued,stimulate_foil_retention_1.0_feature,opposite_target,14,0.0,0,0.2153108027376358
orientation_cued,stimulate_foil_retention_1.0_random,signal,26,0.7307692307692307,0.5391695962082381,0.8629555167798162
orientation_cued,stimulate_foil_retention_1.0_random,noise,38,0.0,0,0.09180986822558396
orientation_cued,stimulate_foil_retention_1.0_random,unchanged_target,24,0.0,0,0.13797620467498017
orientation_cued,stimulate_foil_retention_1.0_random,opposite_target,14,0.0,0,0.2153108027376358
spatial_binding,inhibit_background_encoding_1.0,signal,32,1.0,0.8928208017449293,1
spatial_binding,inhibit_background_encoding_1.0,noise,32,0.0,0,0.1071791982550706
spatial_binding,inhibit_background_probe_1.0,signal,32,1.0,0.8928208017449293,1
spatial_binding,inhibit_background_probe_1.0,noise,32,0.0,0,0.1071791982550706
spatial_binding,inhibit_background_query_1.0,signal,32,1.0,0.8928208017449293,1
spatial_binding,inhibit_background_query_1.0,noise,32,0.0,0,0.1071791982550706
spatial_binding,inhibit_background_retention_1.0,signal,32,1.0,0.8928208017449293,1
spatial_binding,inhibit_background_retention_1.0,noise,32,0.0,0,0.1071791982550706
spatial_binding,inhibit_cued_encoding_1.0,signal,32,1.0,0.8928208017449293,1
spatial_binding,inhibit_cued_encoding_1.0,noise,32,0.0,0,0.1071791982550706
spatial_binding,inhibit_cued_probe_1.0,signal,32,1.0,0.8928208017449293,1
spatial_binding,inhibit_cued_probe_1.0,noise,32,0.0,0,0.1071791982550706
spatial_binding,inhibit_cued_query_1.0,signal,32,1.0,0.8928208017449293,1
spatial_binding,inhibit_cued_query_1.0,noise,32,0.0,0,0.1071791982550706
spatial_binding,inhibit_cued_retention_1.0,signal,32,1.0,0.8928208017449293,1
spatial_binding,inhibit_cued_retention_1.0,noise,32,0.0,0,0.1071791982550706
spatial_binding,inhibit_foil_encoding_1.0,signal,32,1.0,0.8928208017449293,1
spatial_binding,inhibit_foil_encoding_1.0,noise,32,0.0,0,0.1071791982550706
spatial_binding,inhibit_foil_probe_1.0,signal,32,1.0,0.8928208017449293,1
spatial_binding,inhibit_foil_probe_1.0,noise,32,0.0,0,0.1071791982550706
spatial_binding,inhibit_foil_query_1.0,signal,32,1.0,0.8928208017449293,1
spatial_binding,inhibit_foil_query_1.0,noise,32,0.0,0,0.1071791982550706
spatial_binding,inhibit_foil_retention_1.0,signal,32,1.0,0.8928208017449293,1
spatial_binding,inhibit_foil_retention_1.0,noise,32,0.0,0,0.1071791982550706
spatial_binding,sham,signal,32,1.0,0.8928208017449293,1
spatial_binding,sham,noise,32,0.0,0,0.1071791982550706
spatial_binding,stimulate_background_probe_-1.0_feature,signal,32,1.0,0.8928208017449293,1
spatial_binding,stimulate_background_probe_-1.0_feature,noise,32,0.0,0,0.1071791982550706
spatial_binding,stimulate_background_probe_1.0_feature,signal,32,1.0,0.8928208017449293,1
spatial_binding,stimulate_background_probe_1.0_feature,noise,32,0.0,0,0.1071791982550706
spatial_binding,stimulate_background_query_-1.0_feature,signal,32,1.0,0.8928208017449293,1
spatial_binding,stimulate_background_query_-1.0_feature,noise,32,0.0,0,0.1071791982550706
spatial_binding,stimulate_background_query_1.0_feature,signal,32,1.0,0.8928208017449293,1
spatial_binding,stimulate_background_query_1.0_feature,noise,32,0.0,0,0.1071791982550706
spatial_binding,stimulate_cued_probe_-1.0_feature,signal,32,1.0,0.8928208017449293,1
spatial_binding,stimulate_cued_probe_-1.0_feature,noise,32,0.0,0,0.1071791982550706
spatial_binding,stimulate_cued_probe_1.0_feature,signal,32,1.0,0.8928208017449293,1
spatial_binding,stimulate_cued_probe_1.0_feature,noise,32,0.0,0,0.1071791982550706
spatial_binding,stimulate_cued_query_-1.0_feature,signal,32,1.0,0.8928208017449293,1
spatial_binding,stimulate_cued_query_-1.0_feature,noise,32,0.0,0,0.1071791982550706
spatial_binding,stimulate_cued_query_1.0_feature,signal,32,1.0,0.8928208017449293,1
spatial_binding,stimulate_cued_query_1.0_feature,noise,32,0.0,0,0.1071791982550706
spatial_binding,stimulate_foil_probe_-1.0_feature,signal,32,1.0,0.8928208017449293,1
spatial_binding,stimulate_foil_probe_-1.0_feature,noise,32,0.0,0,0.1071791982550706
spatial_binding,stimulate_foil_probe_1.0_feature,signal,32,1.0,0.8928208017449293,1
spatial_binding,stimulate_foil_probe_1.0_feature,noise,32,0.0,0,0.1071791982550706
spatial_binding,stimulate_foil_query_-1.0_feature,signal,32,1.0,0.8928208017449293,1
spatial_binding,stimulate_foil_query_-1.0_feature,noise,32,0.0,0,0.1071791982550706
spatial_binding,stimulate_foil_query_1.0_feature,signal,32,1.0,0.8928208017449293,1
spatial_binding,stimulate_foil_query_1.0_feature,noise,32,0.0,0,0.1071791982550706
