group,task,delay,magnitude,condition,support,n,accuracy,accuracy_low,accuracy_high,balanced_accuracy,positive_rate,mean_prob1,dprime,criterion,hit_rate,hit_n,false_alarm_rate,negative_n
native,motion_direction,0,-1,sham,native renderer condition,128,1.0,0.9708630437264916,1,1.0,0.25,0.24968571991827104,,,,,,
native,orientation,0,-1,sham,native renderer condition,128,1.0,0.9708630437264916,1,1.0,0.5,0.5000075188983677,4.84639239001709,-8.881784197001252e-16,1.0,64,0.0,64
native,contrast,0,-1,sham,native renderer condition,128,1.0,0.9708630437264916,1,1.0,0.5,0.49999879647181084,4.84639239001709,-8.881784197001252e-16,1.0,64,0.0,64
native,spatial_frequency,0,-1,sham,native renderer condition,128,1.0,0.9708630437264916,1,1.0,0.5,0.4999803733259859,4.84639239001709,-8.881784197001252e-16,1.0,64,0.0,64
native,chromatic_increment,0,-1,sham,native renderer condition,128,1.0,0.9708630437264916,1,1.0,0.5,0.5000401693271922,4.84639239001709,-8.881784197001252e-16,1.0,64,0.0,64
native,contour,0,-1,sham,native renderer condition,128,0.984375,0.9448190233201829,0.9957045502898559,0.984375,0.5,0.4918745299116729,3.987967211777087,5.551115123125783e-16,0.984375,64,0.015625,64
native,natural_spectrum,0,-1,sham,native renderer condition,128,1.0,0.9708630437264916,1,1.0,0.5,0.500353741399507,4.84639239001709,-8.881784197001252e-16,1.0,64,0.0,64
native,orientation_ring,0,-1,sham,native renderer condition,128,1.0,0.9708630437264916,1,1.0,0.5,0.5000303015614038,4.84639239001709,-8.881784197001252e-16,1.0,64,0.0,64
native,orientation_ring,4,-1,sham,OOD ring delay: training catalog D0 only,128,0.671875,0.5865640159976144,0.7471701552833669,0.671875,0.328125,0.33333410538796215,0.9881546322461972,0.4940773161230986,0.5,64,0.15625,64
native,orientation_ring,12,-1,sham,OOD ring delay: training catalog D0 only,128,0.6484375,0.5624978389203745,0.7257271271859276,0.6484375,0.3203125,0.3357817199348574,0.8499511759987712,0.5021792374638931,0.46875,64,0.171875,64
native,orientation_ring,24,-1,sham,OOD ring delay: training catalog D0 only,128,0.640625,0.5545225368033344,0.7185326942447414,0.640625,0.3125,0.3379424075233146,0.8112050009255342,0.5215523250005116,0.453125,64,0.171875,64
native,orientation_cued,0,-1,sham,native renderer condition,128,1.0,0.9708630437264916,1,1.0,0.5,0.4984647267279847,4.84639239001709,-8.881784197001252e-16,1.0,64,0.0,64
native,orientation_cued,4,-1,sham,native renderer condition,128,1.0,0.9708630437264916,1,1.0,0.5,0.49946277299989816,4.84639239001709,-8.881784197001252e-16,1.0,64,0.0,64
native,orientation_cued,12,-1,sham,native renderer condition,128,1.0,0.9708630437264916,1,1.0,0.5,0.4995319669283127,4.84639239001709,-8.881784197001252e-16,1.0,64,0.0,64
native,orientation_cued,24,-1,sham,native renderer condition,128,1.0,0.9708630437264916,1,1.0,0.5,0.4995162767546688,4.84639239001709,-8.881784197001252e-16,1.0,64,0.0,64
native,spatial_binding,0,-1,sham,native renderer condition,128,1.0,0.9708630437264916,1,1.0,0.5,0.4998273595344448,4.84639239001709,-8.881784197001252e-16,1.0,64,0.0,64
native,spatial_binding,4,-1,sham,native renderer condition,128,1.0,0.9708630437264916,1,1.0,0.5,0.49995650105368805,4.84639239001709,-8.881784197001252e-16,1.0,64,0.0,64
native,spatial_binding,12,-1,sham,native renderer condition,128,1.0,0.9708630437264916,1,1.0,0.5,0.49997228521343323,4.84639239001709,-8.881784197001252e-16,1.0,64,0.0,64
native,spatial_binding,24,-1,sham,native renderer condition,128,1.0,0.9708630437264916,1,1.0,0.5,0.49997958028450107,4.84639239001709,-8.881784197001252e-16,1.0,64,0.0,64
psychometric,orientation_cued,0,0,sham,OOD magnitude,128,0.96875,0.9224023687386392,0.9877817347549466,0.96875,0.03125,0.04114097203293454,,,,,,
psychometric,orientation_cued,0,3,sham,OOD magnitude,128,0.5546875,0.4682433949005831,0.637944750507002,0.5546875,0.0859375,0.09632082969942246,0.7157523789834483,1.4109488490269821,0.140625,64,0.03125,64
psychometric,orientation_cued,0,6,sham,OOD magnitude,128,0.7265625,0.6435923144931466,0.7963300021954198,0.7265625,0.2421875,0.24643869689339226,1.9167799564240364,1.0355936276765256,0.46875,64,0.015625,64
psychometric,orientation_cued,0,10,sham,OOD magnitude,128,0.9375,0.8815120889557413,0.9679930743049387,0.9375,0.453125,0.42295940831796486,3.1923633081954685,0.3978019517908097,0.890625,64,0.015625,64
psychometric,orientation_cued,0,15,sham,native renderer condition,128,0.984375,0.9448190233201829,0.9957045502898559,0.984375,0.484375,0.48204391215945464,4.19202123352725,0.327185578244919,0.96875,64,0.0,64
psychometric,orientation_cued,0,30,sham,native renderer condition,128,1.0,0.9708630437264916,1,1.0,0.5,0.4987326409967707,4.84639239001709,-8.881784197001252e-16,1.0,64,0.0,64
psychometric,orientation_cued,0,45,sham,native renderer condition,128,1.0,0.9708630437264916,1,1.0,0.5,0.49748636750801367,4.84639239001709,-8.881784197001252e-16,1.0,64,0.0,64
psychometric,orientation_cued,4,0,sham,OOD magnitude,128,0.96875,0.9224023687386392,0.9877817347549466,0.96875,0.03125,0.03644415204195184,,,,,,
psychometric,orientation_cued,4,3,sham,OOD magnitude,128,0.5625,0.47598101173634194,0.6453768687294696,0.5625,0.0625,0.08510289236591007,1.300433896817603,1.7729792465997427,0.125,64,0.0,64
psychometric,orientation_cued,4,6,sham,OOD magnitude,128,0.6953125,0.6108489916080531,0.7683943848476078,0.6953125,0.1953125,0.21644032108471833,2.1498867877909813,1.3482528011130537,0.390625,64,0.0,64
psychometric,orientation_cued,4,10,sham,OOD magnitude,128,0.9453125,0.8914150997002529,0.9732597986186536,0.9453125,0.4453125,0.430955220389194,3.621575897315469,0.6124082463508099,0.890625,64,0.0,64
psychometric,orientation_cued,4,15,sham,native renderer condition,128,1.0,0.9708630437264916,1,1.0,0.5,0.4978110492003509,4.84639239001709,-8.881784197001252e-16,1.0,64,0.0,64
psychometric,orientation_cued,4,30,sham,native renderer condition,128,1.0,0.9708630437264916,1,1.0,0.5,0.499326690190145,4.84639239001709,-8.881784197001252e-16,1.0,64,0.0,64
psychometric,orientation_cued,4,45,sham,native renderer condition,128,1.0,0.9708630437264916,1,1.0,0.5,0.49865954661333944,4.84639239001709,-8.881784197001252e-16,1.0,64,0.0,64
psychometric,orientation_cued,12,0,sham,OOD magnitude,128,0.96875,0.9224023687386392,0.9877817347549466,0.96875,0.03125,0.036252023211858386,,,,,,
matched_relocation,orientation_cued,12,0,sham,OOD magnitude,128,0.984375,0.9448190233201829,0.9957045502898559,0.984375,0.015625,0.026721332955304433,,,,,,
psychometric,orientation_cued,12,3,sham,OOD magnitude,128,0.546875,0.4605263667221713,0.6304920436271872,0.546875,0.0625,0.07398704828949576,0.7956039035816194,1.5961816540977343,0.109375,64,0.015625,64
matched_relocation,orientation_cued,12,3,sham,OOD magnitude,128,0.7734375,0.6935732116243923,0.8373675154135328,0.546875,0.0234375,0.033223726436460765,1.3175254419171996,1.906516576309924,0.09375,32,0.0,96
psychometric,orientation_cued,12,6,sham,OOD magnitude,128,0.6875,0.6027289441827964,0.7613446972146379,0.6875,0.1875,0.20733291171785595,2.1096242284794857,1.3683840807688015,0.375,64,0.0,64
matched_relocation,orientation_cued,12,6,sham,OOD magnitude,128,0.859375,0.7886475076210383,0.9091603050573774,0.71875,0.109375,0.10557168887203261,2.4127733230222796,1.358892635757384,0.4375,32,0.0,96
psychometric,orientation_cued,12,10,sham,OOD magnitude,128,0.9375,0.8815120889557413,0.9679930743049387,0.9375,0.4375,0.4246146585258259,3.5459584931994854,0.6502169484088015,0.875,64,0.0,64
matched_relocation,orientation_cued,12,10,sham,OOD magnitude,128,0.9765625,0.9333562549485678,0.9919975836032445,0.953125,0.2265625,0.21727035720202537,3.813033152619848,0.6587627209585998,0.90625,32,0.0,96
psychometric,orientation_cued,12,15,sham,native renderer condition,128,1.0,0.9708630437264916,1,1.0,0.5,0.497451238672852,4.84639239001709,-8.881784197001252e-16,1.0,64,0.0,64
matched_relocation,orientation_cued,12,15,sham,native renderer condition,128,1.0,0.9708630437264916,1,1.0,0.25,0.24890961131107758,4.731386050160854,0.1995862721880972,1.0,32,0.0,96
psychometric,orientation_cued,12,30,sham,native renderer condition,128,1.0,0.9708630437264916,1,1.0,0.5,0.4993866701728962,4.84639239001709,-8.881784197001252e-16,1.0,64,0.0,64
matched_relocation,orientation_cued,12,30,sham,native renderer condition,128,1.0,0.9708630437264916,1,1.0,0.25,0.24983764872965608,4.731386050160854,0.1995862721880972,1.0,32,0.0,96
psychometric,orientation_cued,12,45,sham,native renderer condition,128,1.0,0.9708630437264916,1,1.0,0.5,0.49868291766364337,4.84639239001709,-8.881784197001252e-16,1.0,64,0.0,64
matched_relocation,orientation_cued,12,45,sham,native renderer condition,128,1.0,0.9708630437264916,1,1.0,0.25,0.24963981615725217,4.731386050160854,0.1995862721880972,1.0,32,0.0,96
psychometric,orientation_cued,24,0,sham,OOD magnitude,128,0.984375,0.9448190233201829,0.9957045502898559,0.984375,0.015625,0.0340061484698424,,,,,,
psychometric,orientation_cued,24,3,sham,OOD magnitude,128,0.546875,0.4605263667221713,0.6304920436271872,0.546875,0.0625,0.0688571035909149,0.7956039035816194,1.5961816540977343,0.109375,64,0.015625,64
psychometric,orientation_cued,24,6,sham,OOD magnitude,128,0.6953125,0.6108489916080531,0.7683943848476078,0.6953125,0.1953125,0.20205389326747536,2.1498867877909813,1.3482528011130537,0.390625,64,0.0,64
psychometric,orientation_cued,24,10,sham,OOD magnitude,128,0.9375,0.8815120889557413,0.9679930743049387,0.9375,0.4375,0.42125698184270277,3.5459584931994854,0.6502169484088015,0.875,64,0.0,64
psychometric,orientation_cued,24,15,sham,native renderer condition,128,1.0,0.9708630437264916,1,1.0,0.5,0.4975284098631789,4.84639239001709,-8.881784197001252e-16,1.0,64,0.0,64
psychometric,orientation_cued,24,30,sham,native renderer condition,128,1.0,0.9708630437264916,1,1.0,0.5,0.4993793408058025,4.84639239001709,-8.881784197001252e-16,1.0,64,0.0,64
psychometric,orientation_cued,24,45,sham,native renderer condition,128,1.0,0.9708630437264916,1,1.0,0.5,0.498536819470047,4.84639239001709,-8.881784197001252e-16,1.0,64,0.0,64
causal,orientation_cued,12,-1,sham,native renderer condition,64,0.890625,0.7910135867310387,0.945998866555832,0.8653846153846154,0.296875,0.2956263388088587,2.821061633110702,0.8210750187055726,0.7307692307692307,26,0.0,38
causal,orientation_cued,12,-1,inhibit_cued_encoding_0.5,native renderer condition,64,0.890625,0.7910135867310387,0.945998866555832,0.8653846153846154,0.296875,0.2965754635839062,2.821061633110702,0.8210750187055726,0.7307692307692307,26,0.0,38
causal,orientation_cued,12,-1,inhibit_cued_encoding_1.0,native renderer condition,64,0.890625,0.7910135867310387,0.945998866555832,0.8653846153846154,0.296875,0.2967040410098889,2.821061633110702,0.8210750187055726,0.7307692307692307,26,0.0,38
causal,orientation_cued,12,-1,inhibit_cued_retention_0.5,native renderer condition,64,0.875,0.7722543817887005,0.9352775733666955,0.8461538461538461,0.28125,0.2947391631493588,2.713854050098847,0.8746788102115002,0.6923076923076923,26,0.0,38
causal,orientation_cued,12,-1,inhibit_cued_retention_1.0,native renderer condition,64,0.875,0.7722543817887005,0.9352775733666955,0.8461538461538461,0.28125,0.29440455204854743,2.713854050098847,0.8746788102115002,0.6923076923076923,26,0.0,38
causal,orientation_cued,12,-1,inhibit_cued_probe_0.5,native renderer condition,64,0.875,0.7722543817887005,0.9352775733666955,0.8461538461538461,0.28125,0.28933122518520804,2.713854050098847,0.8746788102115002,0.6923076923076923,26,0.0,38
causal,orientation_cued,12,-1,inhibit_cued_probe_1.0,native renderer condition,64,0.859375,0.7538371825842297,0.9242142744396914,0.832995951417004,0.296875,0.29089525463865584,2.2510732533566298,0.6432884118403915,0.6923076923076923,26,0.02631578947368421,38
causal,orientation_cued,12,-1,inhibit_foil_encoding_0.5,native renderer condition,64,0.890625,0.7910135867310387,0.945998866555832,0.8653846153846154,0.296875,0.2967400728348366,2.821061633110702,0.8210750187055726,0.7307692307692307,26,0.0,38
causal,orientation_cued,12,-1,inhibit_foil_encoding_1.0,native renderer condition,64,0.890625,0.7910135867310387,0.945998866555832,0.8653846153846154,0.296875,0.2976083771742424,2.821061633110702,0.8210750187055726,0.7307692307692307,26,0.0,38
causal,orientation_cued,12,-1,inhibit_foil_retention_0.5,native renderer condition,64,0.890625,0.7910135867310387,0.945998866555832,0.8653846153846154,0.296875,0.29558163141263094,2.821061633110702,0.8210750187055726,0.7307692307692307,26,0.0,38
causal,orientation_cued,12,-1,inhibit_foil_retention_1.0,native renderer condition,64,0.890625,0.7910135867310387,0.945998866555832,0.8653846153846154,0.296875,0.29548909124855527,2.821061633110702,0.8210750187055726,0.7307692307692307,26,0.0,38
causal,orientation_cued,12,-1,inhibit_foil_probe_0.5,native renderer condition,64,0.890625,0.7910135867310387,0.945998866555832,0.8653846153846154,0.296875,0.29679791670201894,2.821061633110702,0.8210750187055726,0.7307692307692307,26,0.0,38
causal,orientation_cued,12,-1,inhibit_foil_probe_1.0,native renderer condition,64,0.890625,0.7910135867310387,0.945998866555832,0.8653846153846154,0.296875,0.2977850850802497,2.821061633110702,0.8210750187055726,0.7307692307692307,26,0.0,38
causal,orientation_cued,12,-1,inhibit_background_encoding_0.5,native renderer condition,64,0.890625,0.7910135867310387,0.945998866555832,0.8653846153846154,0.296875,0.2956331548726894,2.821061633110702,0.8210750187055726,0.7307692307692307,26,0.0,38
causal,orientation_cued,12,-1,inhibit_background_encoding_1.0,native renderer condition,64,0.890625,0.7910135867310387,0.945998866555832,0.8653846153846154,0.296875,0.29563566609760983,2.821061633110702,0.8210750187055726,0.7307692307692307,26,0.0,38
causal,orientation_cued,12,-1,inhibit_background_retention_0.5,native renderer condition,64,0.890625,0.7910135867310387,0.945998866555832,0.8653846153846154,0.296875,0.2956248958690253,2.821061633110702,0.8210750187055726,0.7307692307692307,26,0.0,38
causal,orientation_cued,12,-1,inhibit_background_retention_1.0,native renderer condition,64,0.890625,0.7910135867310387,0.945998866555832,0.8653846153846154,0.296875,0.29560447929270595,2.821061633110702,0.8210750187055726,0.7307692307692307,26,0.0,38
causal,orientation_cued,12,-1,inhibit_background_probe_0.5,native renderer condition,64,0.890625,0.7910135867310387,0.945998866555832,0.8653846153846154,0.296875,0.2956083320790981,2.821061633110702,0.8210750187055726,0.7307692307692307,26,0.0,38
causal,orientation_cued,12,-1,inhibit_background_probe_1.0,native renderer condition,64,0.890625,0.7910135867310387,0.945998866555832,0.8653846153846154,0.296875,0.29559327069841856,2.821061633110702,0.8210750187055726,0.7307692307692307,26,0.0,38
causal,orientation_cued,12,-1,stimulate_cued_encoding_-0.5_feature,native renderer condition,64,0.890625,0.7910135867310387,0.945998866555832,0.8653846153846154,0.296875,0.2964968184538179,2.821061633110702,0.8210750187055726,0.7307692307692307,26,0.0,38
causal,orientation_cued,12,-1,stimulate_cued_encoding_-0.5_random,native renderer condition,64,0.890625,0.7910135867310387,0.945998866555832,0.8653846153846154,0.296875,0.2957818224814446,2.821061633110702,0.8210750187055726,0.7307692307692307,26,0.0,38
causal,orientation_cued,12,-1,stimulate_cued_encoding_0.5_feature,native renderer condition,64,0.859375,0.7538371825842297,0.9242142744396914,0.8269230769230769,0.265625,0.2942287589677903,2.6119314770245547,0.9256400967486462,0.6538461538461539,26,0.0,38
causal,orientation_cued,12,-1,stimulate_cued_encoding_0.5_random,native renderer condition,64,0.890625,0.7910135867310387,0.945998866555832,0.8653846153846154,0.296875,0.2953283873189321,2.821061633110702,0.8210750187055726,0.7307692307692307,26,0.0,38
causal,orientation_cued,12,-1,stimulate_cued_encoding_-1.0_feature,native renderer condition,64,0.875,0.7722543817887005,0.9352775733666955,0.8461538461538461,0.28125,0.29643226388009225,2.713854050098847,0.8746788102115002,0.6923076923076923,26,0.0,38
causal,orientation_cued,12,-1,stimulate_cued_encoding_-1.0_random,native renderer condition,64,0.890625,0.7910135867310387,0.945998866555832,0.8653846153846154,0.296875,0.29593412743111003,2.821061633110702,0.8210750187055726,0.7307692307692307,26,0.0,38
causal,orientation_cued,12,-1,stimulate_cued_encoding_1.0_feature,native renderer condition,64,0.859375,0.7538371825842297,0.9242142744396914,0.8269230769230769,0.265625,0.2913990127541979,2.6119314770245547,0.9256400967486462,0.6538461538461539,26,0.0,38
causal,orientation_cued,12,-1,stimulate_cued_encoding_1.0_random,native renderer condition,64,0.875,0.7722543817887005,0.9352775733666955,0.8461538461538461,0.28125,0.2950916140797517,2.713854050098847,0.8746788102115002,0.6923076923076923,26,0.0,38
causal,orientation_cued,12,-1,stimulate_cued_retention_-0.5_feature,native renderer condition,64,0.890625,0.7910135867310387,0.945998866555832,0.8653846153846154,0.296875,0.2971651763388081,2.821061633110702,0.8210750187055726,0.7307692307692307,26,0.0,38
causal,orientation_cued,12,-1,stimulate_cued_retention_-0.5_random,native renderer condition,64,0.890625,0.7910135867310387,0.945998866555832,0.8653846153846154,0.296875,0.29556282651736865,2.821061633110702,0.8210750187055726,0.7307692307692307,26,0.0,38
causal,orientation_cued,12,-1,stimulate_cued_retention_0.5_feature,native renderer condition,64,0.875,0.7722543817887005,0.9352775733666955,0.8461538461538461,0.28125,0.2855110824924054,2.713854050098847,0.8746788102115002,0.6923076923076923,26,0.0,38
causal,orientation_cued,12,-1,stimulate_cued_retention_0.5_random,native renderer condition,64,0.890625,0.7910135867310387,0.945998866555832,0.8653846153846154,0.296875,0.2954754404614732,2.821061633110702,0.8210750187055726,0.7307692307692307,26,0.0,38
causal,orientation_cued,12,-1,stimulate_cued_retention_-1.0_feature,native renderer condition,64,0.890625,0.7910135867310387,0.945998866555832,0.8653846153846154,0.296875,0.2973651851173713,2.821061633110702,0.8210750187055726,0.7307692307692307,26,0.0,38
causal,orientation_cued,12,-1,stimulate_cued_retention_-1.0_random,native renderer condition,64,0.890625,0.7910135867310387,0.945998866555832,0.8653846153846154,0.296875,0.2954479629937623,2.821061633110702,0.8210750187055726,0.7307692307692307,26,0.0,38
causal,orientation_cued,12,-1,stimulate_cued_retention_1.0_feature,native renderer condition,64,0.84375,0.7357193822745122,0.912851576617934,0.8076923076923077,0.25,0.2733725402712821,2.513821982323432,0.9746948440992077,0.6153846153846154,26,0.0,38
causal,orientation_cued,12,-1,stimulate_cued_retention_1.0_random,native renderer condition,64,0.890625,0.7910135867310387,0.945998866555832,0.8653846153846154,0.296875,0.29544679172568067,2.821061633110702,0.8210750187055726,0.7307692307692307,26,0.0,38
causal,orientation_cued,12,-1,stimulate_cued_probe_-0.5_feature,native renderer condition,64,0.84375,0.7357193822745122,0.912851576617934,0.8137651821862348,0.28125,0.2894492657564456,2.1491506802823377,0.6942496983775376,0.6538461538461539,26,0.02631578947368421,38
causal,orientation_cued,12,-1,stimulate_cued_probe_-0.5_random,native renderer condition,64,0.890625,0.7910135867310387,0.945998866555832,0.8653846153846154,0.296875,0.29954769960750127,2.821061633110702,0.8210750187055726,0.7307692307692307,26,0.0,38
causal,orientation_cued,12,-1,stimulate_cued_probe_0.5_feature,native renderer condition,64,0.890625,0.7910135867310387,0.945998866555832,0.8653846153846154,0.296875,0.30382126822644295,2.821061633110702,0.8210750187055726,0.7307692307692307,26,0.0,38
causal,orientation_cued,12,-1,stimulate_cued_probe_0.5_random,native renderer condition,64,0.875,0.7722543817887005,0.9352775733666955,0.8461538461538461,0.28125,0.29161014983054656,2.713854050098847,0.8746788102115002,0.6923076923076923,26,0.0,38
causal,orientation_cued,12,-1,stimulate_cued_probe_-1.0_feature,native renderer condition,64,0.828125,0.7178678837734179,0.9012225769875536,0.8006072874493927,0.296875,0.2925278416535093,1.9015436881895647,0.5704462023311512,0.6538461538461539,26,0.05263157894736842,38
causal,orientation_cued,12,-1,stimulate_cued_probe_-1.0_random,native renderer condition,64,0.890625,0.7910135867310387,0.945998866555832,0.8653846153846154,0.296875,0.3042882576420993,2.821061633110702,0.8210750187055726,0.7307692307692307,26,0.0,38
causal,orientation_cued,12,-1,stimulate_cued_probe_1.0_feature,native renderer condition,64,0.90625,0.810171204003544,0.9563217474148016,0.8846153846153846,0.3125,0.3163970781382659,2.935527624089437,0.7638420232162051,0.7692307692307693,26,0.0,38
causal,orientation_cued,12,-1,stimulate_cued_probe_1.0_random,native renderer condition,64,0.859375,0.7538371825842297,0.9242142744396914,0.8269230769230769,0.265625,0.2872928035029645,2.6119314770245547,0.9256400967486462,0.6538461538461539,26,0.0,38
causal,orientation_cued,12,-1,stimulate_foil_encoding_-0.5_feature,native renderer condition,64,0.890625,0.7910135867310387,0.945998866555832,0.8653846153846154,0.296875,0.29674370218026525,2.821061633110702,0.8210750187055726,0.7307692307692307,26,0.0,38
causal,orientation_cued,12,-1,stimulate_foil_encoding_-0.5_random,native renderer condition,64,0.890625,0.7910135867310387,0.945998866555832,0.8653846153846154,0.296875,0.2952992930163987,2.821061633110702,0.8210750187055726,0.7307692307692307,26,0.0,38
causal,orientation_cued,12,-1,stimulate_foil_encoding_0.5_feature,native renderer condition,64,0.890625,0.7910135867310387,0.945998866555832,0.8653846153846154,0.296875,0.29435154692612286,2.821061633110702,0.8210750187055726,0.7307692307692307,26,0.0,38
causal,orientation_cued,12,-1,stimulate_foil_encoding_0.5_random,native renderer condition,64,0.890625,0.7910135867310387,0.945998866555832,0.8653846153846154,0.296875,0.29593406332520544,2.821061633110702,0.8210750187055726,0.7307692307692307,26,0.0,38
causal,orientation_cued,12,-1,stimulate_foil_encoding_-1.0_feature,native renderer condition,64,0.890625,0.7910135867310387,0.945998866555832,0.8653846153846154,0.296875,0.2976506186518577,2.821061633110702,0.8210750187055726,0.7307692307692307,26,0.0,38
causal,orientation_cued,12,-1,stimulate_foil_encoding_-1.0_random,native renderer condition,64,0.890625,0.7910135867310387,0.945998866555832,0.8653846153846154,0.296875,0.29495196624452547,2.821061633110702,0.8210750187055726,0.7307692307692307,26,0.0,38
causal,orientation_cued,12,-1,stimulate_foil_encoding_1.0_feature,native renderer condition,64,0.875,0.7722543817887005,0.9352775733666955,0.8461538461538461,0.28125,0.29296296086857865,2.713854050098847,0.8746788102115002,0.6923076923076923,26,0.0,38
causal,orientation_cued,12,-1,stimulate_foil_encoding_1.0_random,native renderer condition,64,0.890625,0.7910135867310387,0.945998866555832,0.8653846153846154,0.296875,0.29621928141983744,2.821061633110702,0.8210750187055726,0.7307692307692307,26,0.0,38
causal,orientation_cued,12,-1,stimulate_foil_retention_-0.5_feature,native renderer condition,64,0.890625,0.7910135867310387,0.945998866555832,0.8653846153846154,0.296875,0.2956035465176683,2.821061633110702,0.8210750187055726,0.7307692307692307,26,0.0,38
causal,orientation_cued,12,-1,stimulate_foil_retention_-0.5_random,native renderer condition,64,0.890625,0.7910135867310387,0.945998866555832,0.8653846153846154,0.296875,0.29557346379823457,2.821061633110702,0.8210750187055726,0.7307692307692307,26,0.0,38
causal,orientation_cued,12,-1,stimulate_foil_retention_0.5_feature,native renderer condition,64,0.890625,0.7910135867310387,0.945998866555832,0.8653846153846154,0.296875,0.29559284675019626,2.821061633110702,0.8210750187055726,0.7307692307692307,26,0.0,38
causal,orientation_cued,12,-1,stimulate_foil_retention_0.5_random,native renderer condition,64,0.890625,0.7910135867310387,0.945998866555832,0.8653846153846154,0.296875,0.2956966820793241,2.821061633110702,0.8210750187055726,0.7307692307692307,26,0.0,38
causal,orientation_cued,12,-1,stimulate_foil_retention_-1.0_feature,native renderer condition,64,0.890625,0.7910135867310387,0.945998866555832,0.8653846153846154,0.296875,0.2955984313172735,2.821061633110702,0.8210750187055726,0.7307692307692307,26,0.0,38
causal,orientation_cued,12,-1,stimulate_foil_retention_-1.0_random,native renderer condition,64,0.890625,0.7910135867310387,0.945998866555832,0.8653846153846154,0.296875,0.2955110602346167,2.821061633110702,0.8210750187055726,0.7307692307692307,26,0.0,38
causal,orientation_cued,12,-1,stimulate_foil_retention_1.0_feature,native renderer condition,64,0.890625,0.7910135867310387,0.945998866555832,0.8653846153846154,0.296875,0.2951163697149468,2.821061633110702,0.8210750187055726,0.7307692307692307,26,0.0,38
causal,orientation_cued,12,-1,stimulate_foil_retention_1.0_random,native renderer condition,64,0.890625,0.7910135867310387,0.945998866555832,0.8653846153846154,0.296875,0.2957894656823328,2.821061633110702,0.8210750187055726,0.7307692307692307,26,0.0,38
causal,orientation_cued,12,-1,stimulate_foil_probe_-0.5_feature,native renderer condition,64,0.890625,0.7910135867310387,0.945998866555832,0.8653846153846154,0.296875,0.29611843781037805,2.821061633110702,0.8210750187055726,0.7307692307692307,26,0.0,38
causal,orientation_cued,12,-1,stimulate_foil_probe_-0.5_random,native renderer condition,64,0.890625,0.7910135867310387,0.945998866555832,0.8653846153846154,0.296875,0.29540945633016236,2.821061633110702,0.8210750187055726,0.7307692307692307,26,0.0,38
causal,orientation_cued,12,-1,stimulate_foil_probe_0.5_feature,native renderer condition,64,0.890625,0.7910135867310387,0.945998866555832,0.8653846153846154,0.296875,0.2949918421777511,2.821061633110702,0.8210750187055726,0.7307692307692307,26,0.0,38
causal,orientation_cued,12,-1,stimulate_foil_probe_0.5_random,native renderer condition,64,0.890625,0.7910135867310387,0.945998866555832,0.8653846153846154,0.296875,0.2957627506265226,2.821061633110702,0.8210750187055726,0.7307692307692307,26,0.0,38
causal,orientation_cued,12,-1,stimulate_foil_probe_-1.0_feature,native renderer condition,64,0.890625,0.7910135867310387,0.945998866555832,0.8653846153846154,0.296875,0.2966114682429293,2.821061633110702,0.8210750187055726,0.7307692307692307,26,0.0,38
causal,orientation_cued,12,-1,stimulate_foil_probe_-1.0_random,native renderer condition,64,0.890625,0.7910135867310387,0.945998866555832,0.8653846153846154,0.296875,0.2951359149588484,2.821061633110702,0.8210750187055726,0.7307692307692307,26,0.0,38
causal,orientation_cued,12,-1,stimulate_foil_probe_1.0_feature,native renderer condition,64,0.875,0.7722543817887005,0.9352775733666955,0.8461538461538461,0.28125,0.29435450786110096,2.713854050098847,0.8746788102115002,0.6923076923076923,26,0.0,38
causal,orientation_cued,12,-1,stimulate_foil_probe_1.0_random,native renderer condition,64,0.890625,0.7910135867310387,0.945998866555832,0.8653846153846154,0.296875,0.29589759596393606,2.821061633110702,0.8210750187055726,0.7307692307692307,26,0.0,38
causal,orientation_cued,12,-1,stimulate_background_encoding_-0.5_feature,native renderer condition,64,0.890625,0.7910135867310387,0.945998866555832,0.8653846153846154,0.296875,0.29574793554064627,2.821061633110702,0.8210750187055726,0.7307692307692307,26,0.0,38
causal,orientation_cued,12,-1,stimulate_background_encoding_-0.5_random,native renderer condition,64,0.890625,0.7910135867310387,0.945998866555832,0.8653846153846154,0.296875,0.295642415112809,2.821061633110702,0.8210750187055726,0.7307692307692307,26,0.0,38
causal,orientation_cued,12,-1,stimulate_background_encoding_0.5_feature,native renderer condition,64,0.890625,0.7910135867310387,0.945998866555832,0.8653846153846154,0.296875,0.29542092471223214,2.821061633110702,0.8210750187055726,0.7307692307692307,26,0.0,38
causal,orientation_cued,12,-1,stimulate_background_encoding_0.5_random,native renderer condition,64,0.890625,0.7910135867310387,0.945998866555832,0.8653846153846154,0.296875,0.2956376160216223,2.821061633110702,0.8210750187055726,0.7307692307692307,26,0.0,38
causal,orientation_cued,12,-1,stimulate_background_encoding_-1.0_feature,native renderer condition,64,0.890625,0.7910135867310387,0.945998866555832,0.8653846153846154,0.296875,0.2958499956100127,2.821061633110702,0.8210750187055726,0.7307692307692307,26,0.0,38
causal,orientation_cued,12,-1,stimulate_background_encoding_-1.0_random,native renderer condition,64,0.890625,0.7910135867310387,0.945998866555832,0.8653846153846154,0.296875,0.2956433229534241,2.821061633110702,0.8210750187055726,0.7307692307692307,26,0.0,38
causal,orientation_cued,12,-1,stimulate_background_encoding_1.0_feature,native renderer condition,64,0.890625,0.7910135867310387,0.945998866555832,0.8653846153846154,0.296875,0.2947966258249153,2.821061633110702,0.8210750187055726,0.7307692307692307,26,0.0,38
causal,orientation_cued,12,-1,stimulate_background_encoding_1.0_random,native renderer condition,64,0.890625,0.7910135867310387,0.945998866555832,0.8653846153846154,0.296875,0.29566529062401514,2.821061633110702,0.8210750187055726,0.7307692307692307,26,0.0,38
causal,orientation_cued,12,-1,stimulate_background_retention_-0.5_feature,native renderer condition,64,0.890625,0.7910135867310387,0.945998866555832,0.8653846153846154,0.296875,0.2955811317473831,2.821061633110702,0.8210750187055726,0.7307692307692307,26,0.0,38
causal,orientation_cued,12,-1,stimulate_background_retention_-0.5_random,native renderer condition,64,0.890625,0.7910135867310387,0.945998866555832,0.8653846153846154,0.296875,0.2954917048161292,2.821061633110702,0.8210750187055726,0.7307692307692307,26,0.0,38
causal,orientation_cued,12,-1,stimulate_background_retention_0.5_feature,native renderer condition,64,0.890625,0.7910135867310387,0.945998866555832,0.8653846153846154,0.296875,0.2955953541379017,2.821061633110702,0.8210750187055726,0.7307692307692307,26,0.0,38
causal,orientation_cued,12,-1,stimulate_background_retention_0.5_random,native renderer condition,64,0.890625,0.7910135867310387,0.945998866555832,0.8653846153846154,0.296875,0.29571697584930234,2.821061633110702,0.8210750187055726,0.7307692307692307,26,0.0,38
causal,orientation_cued,12,-1,stimulate_background_retention_-1.0_feature,native renderer condition,64,0.890625,0.7910135867310387,0.945998866555832,0.8653846153846154,0.296875,0.2954499381577307,2.821061633110702,0.8210750187055726,0.7307692307692307,26,0.0,38
causal,orientation_cued,12,-1,stimulate_background_retention_-1.0_random,native renderer condition,64,0.890625,0.7910135867310387,0.945998866555832,0.8653846153846154,0.296875,0.29529953295701716,2.821061633110702,0.8210750187055726,0.7307692307692307,26,0.0,38
causal,orientation_cued,12,-1,stimulate_background_retention_1.0_feature,native renderer condition,64,0.890625,0.7910135867310387,0.945998866555832,0.8653846153846154,0.296875,0.2950921473565131,2.821061633110702,0.8210750187055726,0.7307692307692307,26,0.0,38
causal,orientation_cued,12,-1,stimulate_background_retention_1.0_random,native renderer condition,64,0.890625,0.7910135867310387,0.945998866555832,0.8653846153846154,0.296875,0.29580622922986777,2.821061633110702,0.8210750187055726,0.7307692307692307,26,0.0,38
causal,orientation_cued,12,-1,stimulate_background_probe_-0.5_feature,native renderer condition,64,0.890625,0.7910135867310387,0.945998866555832,0.8653846153846154,0.296875,0.2950268976050552,2.821061633110702,0.8210750187055726,0.7307692307692307,26,0.0,38
causal,orientation_cued,12,-1,stimulate_background_probe_-0.5_random,native renderer condition,64,0.890625,0.7910135867310387,0.945998866555832,0.8653846153846154,0.296875,0.29561940863464997,2.821061633110702,0.8210750187055726,0.7307692307692307,26,0.0,38
causal,orientation_cued,12,-1,stimulate_background_probe_0.5_feature,native renderer condition,64,0.890625,0.7910135867310387,0.945998866555832,0.8653846153846154,0.296875,0.29579049286155623,2.821061633110702,0.8210750187055726,0.7307692307692307,26,0.0,38
causal,orientation_cued,12,-1,stimulate_background_probe_0.5_random,native renderer condition,64,0.890625,0.7910135867310387,0.945998866555832,0.8653846153846154,0.296875,0.2956225024014998,2.821061633110702,0.8210750187055726,0.7307692307692307,26,0.0,38
causal,orientation_cued,12,-1,stimulate_background_probe_-1.0_feature,native renderer condition,64,0.890625,0.7910135867310387,0.945998866555832,0.8653846153846154,0.296875,0.2941566326159659,2.821061633110702,0.8210750187055726,0.7307692307692307,26,0.0,38
causal,orientation_cued,12,-1,stimulate_background_probe_-1.0_random,native renderer condition,64,0.890625,0.7910135867310387,0.945998866555832,0.8653846153846154,0.296875,0.2954894529050307,2.821061633110702,0.8210750187055726,0.7307692307692307,26,0.0,38
causal,orientation_cued,12,-1,stimulate_background_probe_1.0_feature,native renderer condition,64,0.890625,0.7910135867310387,0.945998866555832,0.8653846153846154,0.296875,0.2961411573822943,2.821061633110702,0.8210750187055726,0.7307692307692307,26,0.0,38
causal,orientation_cued,12,-1,stimulate_background_probe_1.0_random,native renderer condition,64,0.890625,0.7910135867310387,0.945998866555832,0.8653846153846154,0.296875,0.2955830928088403,2.821061633110702,0.8210750187055726,0.7307692307692307,26,0.0,38
causal,spatial_binding,12,-1,sham,native renderer condition,64,1.0,0.9433759402071946,1,1.0,0.5,0.4999642989938369,4.332213505784658,-2.220446049250313e-16,1.0,32,0.0,32
causal,spatial_binding,12,-1,inhibit_cued_encoding_1.0,native renderer condition,64,1.0,0.9433759402071946,1,1.0,0.5,0.4998713258266645,4.332213505784658,-2.220446049250313e-16,1.0,32,0.0,32
causal,spatial_binding,12,-1,inhibit_cued_retention_1.0,native renderer condition,64,1.0,0.9433759402071946,1,1.0,0.5,0.4999599815057483,4.332213505784658,-2.220446049250313e-16,1.0,32,0.0,32
causal,spatial_binding,12,-1,inhibit_cued_query_1.0,native renderer condition,64,1.0,0.9433759402071946,1,1.0,0.5,0.49995578116384387,4.332213505784658,-2.220446049250313e-16,1.0,32,0.0,32
causal,spatial_binding,12,-1,inhibit_cued_probe_1.0,native renderer condition,64,1.0,0.9433759402071946,1,1.0,0.5,0.4995385022405246,4.332213505784658,-2.220446049250313e-16,1.0,32,0.0,32
causal,spatial_binding,12,-1,inhibit_foil_encoding_1.0,native renderer condition,64,1.0,0.9433759402071946,1,1.0,0.5,0.4999631017601478,4.332213505784658,-2.220446049250313e-16,1.0,32,0.0,32
causal,spatial_binding,12,-1,inhibit_foil_retention_1.0,native renderer condition,64,1.0,0.9433759402071946,1,1.0,0.5,0.4999678234190208,4.332213505784658,-2.220446049250313e-16,1.0,32,0.0,32
causal,spatial_binding,12,-1,inhibit_foil_query_1.0,native renderer condition,64,1.0,0.9433759402071946,1,1.0,0.5,0.49996173763363105,4.332213505784658,-2.220446049250313e-16,1.0,32,0.0,32
causal,spatial_binding,12,-1,inhibit_foil_probe_1.0,native renderer condition,64,1.0,0.9433759402071946,1,1.0,0.5,0.5000241520868666,4.332213505784658,-2.220446049250313e-16,1.0,32,0.0,32
causal,spatial_binding,12,-1,inhibit_background_encoding_1.0,native renderer condition,64,1.0,0.9433759402071946,1,1.0,0.5,0.4999640783527685,4.332213505784658,-2.220446049250313e-16,1.0,32,0.0,32
causal,spatial_binding,12,-1,inhibit_background_retention_1.0,native renderer condition,64,1.0,0.9433759402071946,1,1.0,0.5,0.49996422023797116,4.332213505784658,-2.220446049250313e-16,1.0,32,0.0,32
causal,spatial_binding,12,-1,inhibit_background_query_1.0,native renderer condition,64,1.0,0.9433759402071946,1,1.0,0.5,0.4999646347965839,4.332213505784658,-2.220446049250313e-16,1.0,32,0.0,32
causal,spatial_binding,12,-1,inhibit_background_probe_1.0,native renderer condition,64,1.0,0.9433759402071946,1,1.0,0.5,0.49996527196969454,4.332213505784658,-2.220446049250313e-16,1.0,32,0.0,32
causal,spatial_binding,12,-1,stimulate_cued_query_-1.0_feature,native renderer condition,64,1.0,0.9433759402071946,1,1.0,0.5,0.4999678445268388,4.332213505784658,-2.220446049250313e-16,1.0,32,0.0,32
causal,spatial_binding,12,-1,stimulate_cued_query_1.0_feature,native renderer condition,64,1.0,0.9433759402071946,1,1.0,0.5,0.4999427830170369,4.332213505784658,-2.220446049250313e-16,1.0,32,0.0,32
causal,spatial_binding,12,-1,stimulate_cued_probe_-1.0_feature,native renderer condition,64,1.0,0.9433759402071946,1,1.0,0.5,0.4999197967720112,4.332213505784658,-2.220446049250313e-16,1.0,32,0.0,32
causal,spatial_binding,12,-1,stimulate_cued_probe_1.0_feature,native renderer condition,64,1.0,0.9433759402071946,1,1.0,0.5,0.5000286827896085,4.332213505784658,-2.220446049250313e-16,1.0,32,0.0,32
causal,spatial_binding,12,-1,stimulate_foil_query_-1.0_feature,native renderer condition,64,1.0,0.9433759402071946,1,1.0,0.5,0.49995474087524405,4.332213505784658,-2.220446049250313e-16,1.0,32,0.0,32
causal,spatial_binding,12,-1,stimulate_foil_query_1.0_feature,native renderer condition,64,1.0,0.9433759402071946,1,1.0,0.5,0.49996265846704213,4.332213505784658,-2.220446049250313e-16,1.0,32,0.0,32
causal,spatial_binding,12,-1,stimulate_foil_probe_-1.0_feature,native renderer condition,64,1.0,0.9433759402071946,1,1.0,0.5,0.4999825993660776,4.332213505784658,-2.220446049250313e-16,1.0,32,0.0,32
causal,spatial_binding,12,-1,stimulate_foil_probe_1.0_feature,native renderer condition,64,1.0,0.9433759402071946,1,1.0,0.5,0.49995903760066474,4.332213505784658,-2.220446049250313e-16,1.0,32,0.0,32
causal,spatial_binding,12,-1,stimulate_background_query_-1.0_feature,native renderer condition,64,1.0,0.9433759402071946,1,1.0,0.5,0.49996527036720717,4.332213505784658,-2.220446049250313e-16,1.0,32,0.0,32
causal,spatial_binding,12,-1,stimulate_background_query_1.0_feature,native renderer condition,64,1.0,0.9433759402071946,1,1.0,0.5,0.4999664140442277,4.332213505784658,-2.220446049250313e-16,1.0,32,0.0,32
causal,spatial_binding,12,-1,stimulate_background_probe_-1.0_feature,native renderer condition,64,1.0,0.9433759402071946,1,1.0,0.5,0.49995691349817234,4.332213505784658,-2.220446049250313e-16,1.0,32,0.0,32
causal,spatial_binding,12,-1,stimulate_background_probe_1.0_feature,native renderer condition,64,1.0,0.9433759402071946,1,1.0,0.5,0.49997175550797646,4.332213505784658,-2.220446049250313e-16,1.0,32,0.0,32
