task,level,n,accuracy,accuracy_low,accuracy_high,balanced_accuracy,positive_rate,mean_prob1,dprime,criterion,hit_rate,hit_n,false_alarm_rate,negative_n
motion_direction,1.0,42,1.0,0.916201209134296,1,1.0,0.30952380952380953,0.30909082324655734,,,,,,
motion_direction,2.0,47,1.0,0.9244423958360037,1,1.0,0.23404255319148937,0.23408355579363055,,,,,,
motion_direction,3.0,39,1.0,0.9103331462924287,1,1.0,0.20512820512820512,0.20451360130468324,,,,,,
orientation,4.0,45,1.0,0.9213484012671117,1,1.0,0.4444444444444444,0.4443367762737687,4.0506542275423305,0.04457471712388639,1.0,20,0.0,25
orientation,10.0,47,1.0,0.9244423958360037,1,1.0,0.5531914893617021,0.5531869159331901,4.085779135137809,-0.04246599846292454,1.0,26,0.0,21
orientation,22.0,36,1.0,0.9035813714055363,1,1.0,0.5,0.5001672899392093,3.8758630217056584,-4.440892098500626e-16,1.0,18,0.0,18
contrast,0.025,46,1.0,0.9229264369144198,1,1.0,0.41304347826086957,0.4130528659303981,4.060129477384524,0.07010075415220784,1.0,19,0.0,27
contrast,0.06,43,1.0,0.9179901967742088,1,1.0,0.46511627906976744,0.46511278006792456,4.017586528348668,0.028040867527054925,1.0,20,0.0,23
contrast,0.13,39,1.0,0.9103331462924287,1,1.0,0.6410256410256411,0.6410144762223774,3.903816466710966,-0.11799359753956828,1.0,25,0.0,14
spatial_frequency,0.08,39,1.0,0.9103331462924287,1,1.0,0.48717948717948717,0.4872077297499753,3.940716381187333,0.01039420605361241,1.0,19,0.0,20
spatial_frequency,0.18,44,1.0,0.9197043962415192,1,1.0,0.5454545454545454,0.5454363833536451,4.034501307279101,-0.03649825699227183,1.0,24,0.0,20
spatial_frequency,0.35,45,1.0,0.9213484012671117,1,1.0,0.4666666666666667,0.4666041212870394,4.054172479737803,0.026662670762921392,1.0,21,0.0,24
chromatic_increment,0.018,39,1.0,0.9103331462924287,1,1.0,0.5128205128205128,0.5129172793737098,3.9407163811873334,-0.010394206053612187,1.0,20,0.0,19
chromatic_increment,0.045,41,1.0,0.9143324298155681,1,1.0,0.5121951219512195,0.5122164947502199,3.981175965753259,-0.009835586229350657,1.0,21,0.0,20
chromatic_increment,0.1,48,1.0,0.9258998703338824,1,1.0,0.4791666666666667,0.47917690611556046,4.1067359625964395,0.016533849596831907,1.0,23,0.0,25
contour,2.0,41,1.0,0.9143324298155681,1,1.0,0.4878048780487805,0.4809922286408437,3.981175965753259,0.009835586229350657,1.0,20,0.0,21
contour,8.0,43,1.0,0.9179901967742088,1,1.0,0.4186046511627907,0.4159950175546333,4.007833341747881,0.06598516002111099,1.0,18,0.0,25
contour,16.0,44,0.9545454545454546,0.8486500156237035,0.987444890050405,0.9529914529914529,0.5909090909090909,0.5761698340811434,3.005406396929214,-0.0905156195584429,0.9615384615384616,26,0.05555555555555555,18
natural_spectrum,0.15,39,1.0,0.9103331462924287,1,1.0,0.41025641025641024,0.4113443341731343,3.9263440920348187,0.07366208568397936,1.0,16,0.0,23
natural_spectrum,0.3,41,1.0,0.9143324298155681,1,1.0,0.6585365853658537,0.6585040057436633,3.9340801286603835,-0.1331254285142771,1.0,27,0.0,14
natural_spectrum,0.6,48,1.0,0.9258998703338824,1,1.0,0.4375,0.4375872006436343,4.1005890619504495,0.04987096186924478,1.0,21,0.0,27
