task,condition,kind,site,epoch,dose,n,accuracy,accuracy_low,accuracy_high,balanced_accuracy,positive_rate,mean_prob1,hit_rate,hit_n,false_alarm_rate,negative_n,dprime,criterion,delta_accuracy,delta_response,delta_prob1,response_flip_rate,response_flip_wilson_low,response_flip_wilson_high,response_low,response_high,prob1_low,prob1_high,delta_dprime,delta_criterion,dprime_low,dprime_high,criterion_low,criterion_high,direction_name,rms
orientation_cued,inhibit_background_encoding_0.5,inhibit,background,encoding,0.5,64,0.890625,0.0,0.0,0.8653846153846154,0.296875,0.2956331548726894,0.7307692307692307,26,0.0,38,2.821061633110702,0.8210750187055726,0.0,0.0,6.816063830683561e-06,0.0,0,0.05662405979280534,0.0,0.0,-1.1572874572607362e-05,2.9437061067483223e-05,0.0,0.0,0.0,0.0,0.0,0.0,,
orientation_cued,inhibit_background_encoding_1.0,inhibit,background,encoding,1.0,64,0.890625,0.0,0.0,0.8653846153846154,0.296875,0.29563566609760983,0.7307692307692307,26,0.0,38,2.821061633110702,0.8210750187055726,0.0,0.0,9.32728875113753e-06,0.0,0,0.05662405979280534,0.0,0.0,-2.851767440859021e-05,5.4668247835820665e-05,0.0,0.0,0.0,0.0,0.0,0.0,,
orientation_cued,inhibit_background_probe_0.5,inhibit,background,probe,0.5,64,0.890625,0.0,0.0,0.8653846153846154,0.296875,0.2956083320790981,0.7307692307692307,26,0.0,38,2.821061633110702,0.8210750187055726,0.0,0.0,-1.8006729760600138e-05,0.0,0,0.05662405979280534,0.0,0.0,-0.00011479715764721732,9.19419920563767e-05,0.0,0.0,0.0,0.0,0.0,0.0,,
orientation_cued,inhibit_background_probe_1.0,inhibit,background,probe,1.0,64,0.890625,0.0,0.0,0.8653846153846154,0.296875,0.29559327069841856,0.7307692307692307,26,0.0,38,2.821061633110702,0.8210750187055726,0.0,0.0,-3.3068110440126475e-05,0.0,0,0.05662405979280534,0.0,0.0,-0.00023204003678216621,0.00020422323212869627,0.0,0.0,0.0,0.0,0.0,0.0,,
orientation_cued,inhibit_background_retention_0.5,inhibit,background,retention,0.5,64,0.890625,0.0,0.0,0.8653846153846154,0.296875,0.2956248958690253,0.7307692307692307,26,0.0,38,2.821061633110702,0.8210750187055726,0.0,0.0,-1.4429398333959398e-06,0.0,0,0.05662405979280534,0.0,0.0,-0.00013113476778698897,0.00011494511870466794,0.0,0.0,0.0,0.0,0.0,0.0,,
orientation_cued,inhibit_background_retention_1.0,inhibit,background,retention,1.0,64,0.890625,0.0,0.0,0.8653846153846154,0.296875,0.29560447929270595,0.7307692307692307,26,0.0,38,2.821061633110702,0.8210750187055726,0.0,0.0,-2.1859516152744618e-05,0.0,0,0.05662405979280534,0.0,0.0,-0.00036552261433939746,0.00027022312953448583,0.0,0.0,0.0,0.0,0.0,0.0,,
orientation_cued,inhibit_cued_encoding_0.5,inhibit,cued,encoding,0.5,64,0.890625,0.0,0.0,0.8653846153846154,0.296875,0.2965754635839062,0.7307692307692307,26,0.0,38,2.821061633110702,0.8210750187055726,0.0,0.0,0.000949124775047494,0.0,0,0.05662405979280534,0.0,0.0,-0.005971493086022406,0.007693110285745773,0.0,0.0,0.0,0.0,0.0,0.0,,
orientation_cued,inhibit_cued_encoding_1.0,inhibit,cued,encoding,1.0,64,0.890625,0.0,0.0,0.8653846153846154,0.296875,0.2967040410098889,0.7307692307692307,26,0.0,38,2.821061633110702,0.8210750187055726,0.0,0.0,0.0010777022010302062,0.0,0,0.05662405979280534,0.0,0.0,-0.01588130815185309,0.016112415067918554,0.0,0.0,0.0,0.0,0.0,0.0,,
orientation_cued,inhibit_cued_probe_0.5,inhibit,cued,probe,0.5,64,0.875,-0.046875,0.0,0.8461538461538461,0.28125,0.28933122518520804,0.6923076923076923,26,0.0,38,2.713854050098847,0.8746788102115002,-0.015625,-0.015625,-0.00629511362365065,0.015625,0.002763541923337505,0.08334101600094265,-0.046875,0.0,-0.026003497965200496,0.0065452750761323605,-0.10720758301185507,0.053603791505927534,-0.3820045907489758,0.0,0.0,0.1910022953744878,,
orientation_cued,inhibit_cued_probe_1.0,inhibit,cued,probe,1.0,64,0.859375,-0.078125,0.0,0.832995951417004,0.296875,0.29089525463865584,0.6923076923076923,26,0.02631578947368421,38,2.2510732533566298,0.6432884118403915,-0.03125,0.0,-0.004731084170202848,0.03125,0.008612138346171874,0.10697291770958313,-0.046875,0.046875,-0.03126418755108205,0.016279028795591437,-0.5699883797540721,-0.1777866068651811,-1.1276568862675835,0.0,-0.4425977307962737,0.1532397197487519,,
orientation_cued,inhibit_cued_retention_0.5,inhibit,cued,retention,0.5,64,0.875,-0.046875,0.0,0.8461538461538461,0.28125,0.2947391631493588,0.6923076923076923,26,0.0,38,2.713854050098847,0.8746788102115002,-0.015625,-0.015625,-0.000887175659499917,0.015625,0.002763541923337505,0.08334101600094265,-0.046875,0.0,-0.004478086935799297,0.0021664238926973637,-0.10720758301185507,0.053603791505927534,-0.3779657682519231,0.0,0.0,0.18898288412596143,,
orientation_cued,inhibit_cued_retention_1.0,inhibit,cued,retention,1.0,64,0.875,-0.046875,0.0,0.8461538461538461,0.28125,0.29440455204854743,0.6923076923076923,26,0.0,38,2.713854050098847,0.8746788102115002,-0.015625,-0.015625,-0.0012217867603112609,0.015625,0.002763541923337505,0.08334101600094265,-0.046875,0.0,-0.007533479377443086,0.00449338016823617,-0.10720758301185507,0.053603791505927534,-0.3779657682519231,0.0,0.0,0.18898288412596143,,
orientation_cued,inhibit_foil_encoding_0.5,inhibit,foil,encoding,0.5,64,0.890625,0.0,0.0,0.8653846153846154,0.296875,0.2967400728348366,0.7307692307692307,26,0.0,38,2.821061633110702,0.8210750187055726,0.0,0.0,0.0011137340259779194,0.0,0,0.05662405979280534,0.0,0.0,-0.00013175962708373846,0.0025180494662208727,0.0,0.0,0.0,0.0,0.0,0.0,,
orientation_cued,inhibit_foil_encoding_1.0,inhibit,foil,encoding,1.0,64,0.890625,0.0,0.0,0.8653846153846154,0.296875,0.2976083771742424,0.7307692307692307,26,0.0,38,2.821061633110702,0.8210750187055726,0.0,0.0,0.001982038365383687,0.0,0,0.05662405979280534,0.0,0.0,-0.00039400872215082926,0.0045882496380031034,0.0,0.0,0.0,0.0,0.0,0.0,,
orientation_cued,inhibit_foil_probe_0.5,inhibit,foil,probe,0.5,64,0.890625,0.0,0.0,0.8653846153846154,0.296875,0.29679791670201894,0.7307692307692307,26,0.0,38,2.821061633110702,0.8210750187055726,0.0,0.0,0.0011715778931602472,0.0,0,0.05662405979280534,0.0,0.0,-0.0001179905017721694,0.002755303314233968,0.0,0.0,0.0,0.0,0.0,0.0,,
orientation_cued,inhibit_foil_probe_1.0,inhibit,foil,probe,1.0,64,0.890625,0.0,0.0,0.8653846153846154,0.296875,0.2977850850802497,0.7307692307692307,26,0.0,38,2.821061633110702,0.8210750187055726,0.0,0.0,0.00215874627139101,0.0,0,0.05662405979280534,0.0,0.0,-0.0003762687411935417,0.0052513373224158475,0.0,0.0,0.0,0.0,0.0,0.0,,
orientation_cued,inhibit_foil_retention_0.5,inhibit,foil,retention,0.5,64,0.890625,0.0,0.0,0.8653846153846154,0.296875,0.29558163141263094,0.7307692307692307,26,0.0,38,2.821061633110702,0.8210750187055726,0.0,0.0,-4.4707396227749996e-05,0.0,0,0.05662405979280534,0.0,0.0,-0.0003262796189602568,0.00020791820417684882,0.0,0.0,0.0,0.0,0.0,0.0,,
orientation_cued,inhibit_foil_retention_1.0,inhibit,foil,retention,1.0,64,0.890625,0.0,0.0,0.8653846153846154,0.296875,0.29548909124855527,0.7307692307692307,26,0.0,38,2.821061633110702,0.8210750187055726,0.0,0.0,-0.00013724756030342178,0.0,0,0.05662405979280534,0.0,0.0,-0.000650714252928708,0.0003271609457897282,0.0,0.0,0.0,0.0,0.0,0.0,,
orientation_cued,sham,,,,,64,0.890625,0.0,0.0,0.8653846153846154,0.296875,0.2956263388088587,0.7307692307692307,26,0.0,38,2.821061633110702,0.8210750187055726,0.0,0.0,0.0,0.0,0,0.05662405979280534,0.0,0.0,0.0,0.0,0.0,0.0,0.0,0.0,0.0,0.0,,
orientation_cued,stimulate_background_encoding_-0.5_feature,stimulate,background,encoding,-0.5,64,0.890625,0.0,0.0,0.8653846153846154,0.296875,0.29574793554064627,0.7307692307692307,26,0.0,38,2.821061633110702,0.8210750187055726,0.0,0.0,0.00012159673178757657,0.0,0,0.05662405979280534,0.0,0.0,-0.00018070198231896485,0.0004347704121045126,0.0,0.0,0.0,0.0,0.0,0.0,feature,0.457448273897171
orientation_cued,stimulate_background_encoding_-0.5_random,stimulate,background,encoding,-0.5,64,0.890625,0.0,0.0,0.8653846153846154,0.296875,0.295642415112809,0.7307692307692307,26,0.0,38,2.821061633110702,0.8210750187055726,0.0,0.0,1.6076303950285364e-05,0.0,0,0.05662405979280534,0.0,0.0,-0.00014807935209262268,0.0001830834315484253,0.0,0.0,0.0,0.0,0.0,0.0,random,0.457448273897171
orientation_cued,stimulate_background_encoding_-1.0_feature,stimulate,background,encoding,-1.0,64,0.890625,0.0,0.0,0.8653846153846154,0.296875,0.2958499956100127,0.7307692307692307,26,0.0,38,2.821061633110702,0.8210750187055726,0.0,0.0,0.000223656801153993,0.0,0,0.05662405979280534,0.0,0.0,-0.00046205055492691826,0.0009332508578665962,0.0,0.0,0.0,0.0,0.0,0.0,feature,0.457448273897171
orientation_cued,stimulate_background_encoding_-1.0_random,stimulate,background,encoding,-1.0,64,0.890625,0.0,0.0,0.8653846153846154,0.296875,0.2956433229534241,0.7307692307692307,26,0.0,38,2.821061633110702,0.8210750187055726,0.0,0.0,1.6984144565412862e-05,0.0,0,0.05662405979280534,0.0,0.0,-0.0003720630829420202,0.0003827252257678989,0.0,0.0,0.0,0.0,0.0,0.0,random,0.457448273897171
orientation_cued,stimulate_background_encoding_0.5_feature,stimulate,background,encoding,0.5,64,0.890625,0.0,0.0,0.8653846153846154,0.296875,0.29542092471223214,0.7307692307692307,26,0.0,38,2.821061633110702,0.8210750187055726,0.0,0.0,-0.00020541409662655497,0.0,0,0.05662405979280534,0.0,0.0,-0.0005425371642729715,5.4859436477272536e-05,0.0,0.0,0.0,0.0,0.0,0.0,feature,0.457448273897171
orientation_cued,stimulate_background_encoding_0.5_random,stimulate,background,encoding,0.5,64,0.890625,0.0,0.0,0.8653846153846154,0.296875,0.2956376160216223,0.7307692307692307,26,0.0,38,2.821061633110702,0.8210750187055726,0.0,0.0,1.1277212763616262e-05,0.0,0,0.05662405979280534,0.0,0.0,-0.00014871549897179647,0.00018433428726325472,0.0,0.0,0.0,0.0,0.0,0.0,random,0.457448273897171
orientation_cued,stimulate_background_encoding_1.0_feature,stimulate,background,encoding,1.0,64,0.890625,0.0,0.0,0.8653846153846154,0.296875,0.2947966258249153,0.7307692307692307,26,0.0,38,2.821061633110702,0.8210750187055726,0.0,0.0,-0.0008297129839434092,0.0,0,0.05662405979280534,0.0,0.0,-0.0019355978155985553,1.1662262761546989e-05,0.0,0.0,0.0,0.0,0.0,0.0,feature,0.457448273897171
orientation_cued,stimulate_background_encoding_1.0_random,stimulate,background,encoding,1.0,64,0.890625,0.0,0.0,0.8653846153846154,0.296875,0.29566529062401514,0.7307692307692307,26,0.0,38,2.821061633110702,0.8210750187055726,0.0,0.0,3.895181515645163e-05,0.0,0,0.05662405979280534,0.0,0.0,-0.000274143982774433,0.0003855458843375457,0.0,0.0,0.0,0.0,0.0,0.0,random,0.457448273897171
orientation_cued,stimulate_background_probe_-0.5_feature,stimulate,background,probe,-0.5,64,0.890625,0.0,0.0,0.8653846153846154,0.296875,0.2950268976050552,0.7307692307692307,26,0.0,38,2.821061633110702,0.8210750187055726,0.0,0.0,-0.000599441203803508,0.0,0,0.05662405979280534,0.0,0.0,-0.0014967201392238395,8.219126890196535e-05,0.0,0.0,0.0,0.0,0.0,0.0,feature,0.457448273897171
orientation_cued,stimulate_background_probe_-0.5_random,stimulate,background,probe,-0.5,64,0.890625,0.0,0.0,0.8653846153846154,0.296875,0.29561940863464997,0.7307692307692307,26,0.0,38,2.821061633110702,0.8210750187055726,0.0,0.0,-6.930174208719109e-06,0.0,0,0.05662405979280534,0.0,0.0,-0.0002702758427744811,0.0003284366944654946,0.0,0.0,0.0,0.0,0.0,0.0,random,0.457448273897171
orientation_cued,stimulate_background_probe_-1.0_feature,stimulate,background,probe,-1.0,64,0.890625,0.0,0.0,0.8653846153846154,0.296875,0.2941566326159659,0.7307692307692307,26,0.0,38,2.821061633110702,0.8210750187055726,0.0,0.0,-0.0014697061928927724,0.0,0,0.05662405979280534,0.0,0.0,-0.0035524519963018976,5.301947915086154e-05,0.0,0.0,0.0,0.0,0.0,0.0,feature,0.457448273897171
orientation_cued,stimulate_background_probe_-1.0_random,stimulate,background,probe,-1.0,64,0.890625,0.0,0.0,0.8653846153846154,0.296875,0.2954894529050307,0.7307692307692307,26,0.0,38,2.821061633110702,0.8210750187055726,0.0,0.0,-0.00013688590382798793,0.0,0,0.05662405979280534,0.0,0.0,-0.0007160437121811469,0.0005898521231941342,0.0,0.0,0.0,0.0,0.0,0.0,random,0.457448273897171
orientation_cued,stimulate_background_probe_0.5_feature,stimulate,background,probe,0.5,64,0.890625,0.0,0.0,0.8653846153846154,0.296875,0.29579049286155623,0.7307692307692307,26,0.0,38,2.821061633110702,0.8210750187055726,0.0,0.0,0.00016415405269754046,0.0,0,0.05662405979280534,0.0,0.0,-0.00042492628077184236,0.0008255280840529618,0.0,0.0,0.0,0.0,0.0,0.0,feature,0.457448273897171
orientation_cued,stimulate_background_probe_0.5_random,stimulate,background,probe,0.5,64,0.890625,0.0,0.0,0.8653846153846154,0.296875,0.2956225024014998,0.7307692307692307,26,0.0,38,2.821061633110702,0.8210750187055726,0.0,0.0,-3.836407358903671e-06,0.0,0,0.05662405979280534,0.0,0.0,-0.0003095338192224517,0.00022232630017811046,0.0,0.0,0.0,0.0,0.0,0.0,random,0.457448273897171
orientation_cued,stimulate_background_probe_1.0_feature,stimulate,background,probe,1.0,64,0.890625,0.0,0.0,0.8653846153846154,0.296875,0.2961411573822943,0.7307692307692307,26,0.0,38,2.821061633110702,0.8210750187055726,0.0,0.0,0.0005148185734356048,0.0,0,0.05662405979280534,0.0,0.0,-0.0014257295452267727,0.002712996841185599,0.0,0.0,0.0,0.0,0.0,0.0,feature,0.457448273897171
orientation_cued,stimulate_background_probe_1.0_random,stimulate,background,probe,1.0,64,0.890625,0.0,0.0,0.8653846153846154,0.296875,0.2955830928088403,0.7307692307692307,26,0.0,38,2.821061633110702,0.8210750187055726,0.0,0.0,-4.324600001837098e-05,0.0,0,0.05662405979280534,0.0,0.0,-0.0006643397449892063,0.0004024732129494168,0.0,0.0,0.0,0.0,0.0,0.0,random,0.457448273897171
orientation_cued,stimulate_background_retention_-0.5_feature,stimulate,background,retention,-0.5,64,0.890625,0.0,0.0,0.8653846153846154,0.296875,0.2955811317473831,0.7307692307692307,26,0.0,38,2.821061633110702,0.8210750187055726,0.0,0.0,-4.5207061475593946e-05,0.0,0,0.05662405979280534,0.0,0.0,-0.0004945754494883658,0.00041003958156409214,0.0,0.0,0.0,0.0,0.0,0.0,feature,0.457448273897171
orientation_cued,stimulate_background_retention_-0.5_random,stimulate,background,retention,-0.5,64,0.890625,0.0,0.0,0.8653846153846154,0.296875,0.2954917048161292,0.7307692307692307,26,0.0,38,2.821061633110702,0.8210750187055726,0.0,0.0,-0.00013463399272950483,0.0,0,0.05662405979280534,0.0,0.0,-0.0006327094102061892,0.0002783465429189391,0.0,0.0,0.0,0.0,0.0,0.0,random,0.457448273897171
orientation_cued,stimulate_background_retention_-1.0_feature,stimulate,background,retention,-1.0,64,0.890625,0.0,0.0,0.8653846153846154,0.296875,0.2954499381577307,0.7307692307692307,26,0.0,38,2.821061633110702,0.8210750187055726,0.0,0.0,-0.00017640065112800585,0.0,0,0.05662405979280534,0.0,0.0,-0.0013935796237603882,0.0009144944668150855,0.0,0.0,0.0,0.0,0.0,0.0,feature,0.457448273897171
orientation_cued,stimulate_background_retention_-1.0_random,stimulate,background,retention,-1.0,64,0.890625,0.0,0.0,0.8653846153846154,0.296875,0.29529953295701716,0.7307692307692307,26,0.0,38,2.821061633110702,0.8210750187055726,0.0,0.0,-0.00032680585184152733,0.0,0,0.05662405979280534,0.0,0.0,-0.0015176060609803697,0.0006935845051259546,0.0,0.0,0.0,0.0,0.0,0.0,random,0.457448273897171
orientation_cued,stimulate_background_retention_0.5_feature,stimulate,background,retention,0.5,64,0.890625,0.0,0.0,0.8653846153846154,0.296875,0.2955953541379017,0.7307692307692307,26,0.0,38,2.821061633110702,0.8210750187055726,0.0,0.0,-3.098467095696833e-05,0.0,0,0.05662405979280534,0.0,0.0,-0.0006835564593245635,0.0005534404488457766,0.0,0.0,0.0,0.0,0.0,0.0,feature,0.457448273897171
orientation_cued,stimulate_background_retention_0.5_random,stimulate,background,retention,0.5,64,0.890625,0.0,0.0,0.8653846153846154,0.296875,0.29571697584930234,0.7307692307692307,26,0.0,38,2.821061633110702,0.8210750187055726,0.0,0.0,9.063704044365295e-05,0.0,0,0.05662405979280534,0.0,0.0,-0.00015197639633299787,0.00039634144478384314,0.0,0.0,0.0,0.0,0.0,0.0,random,0.457448273897171
orientation_cued,stimulate_background_retention_1.0_feature,stimulate,background,retention,1.0,64,0.890625,0.0,0.0,0.8653846153846154,0.296875,0.2950921473565131,0.7307692307692307,26,0.0,38,2.821061633110702,0.8210750187055726,0.0,0.0,-0.0005341914523455671,0.0,0,0.05662405979280534,0.0,0.0,-0.003039427955080498,0.0016451073913302122,0.0,0.0,0.0,0.0,0.0,0.0,feature,0.457448273897171
orientation_cued,stimulate_background_retention_1.0_random,stimulate,background,retention,1.0,64,0.890625,0.0,0.0,0.8653846153846154,0.296875,0.29580622922986777,0.7307692307692307,26,0.0,38,2.821061633110702,0.8210750187055726,0.0,0.0,0.00017989042100907682,0.0,0,0.05662405979280534,0.0,0.0,-0.00026421829639389216,0.0007392185261750222,0.0,0.0,0.0,0.0,0.0,0.0,random,0.457448273897171
orientation_cued,stimulate_cued_encoding_-0.5_feature,stimulate,cued,encoding,-0.5,64,0.890625,0.0,0.0,0.8653846153846154,0.296875,0.2964968184538179,0.7307692307692307,26,0.0,38,2.821061633110702,0.8210750187055726,0.0,0.0,0.0008704796449592322,0.0,0,0.05662405979280534,0.0,0.0,-0.007072881940970888,0.008544814562509372,0.0,0.0,0.0,0.0,0.0,0.0,feature,0.457448273897171
orientation_cued,stimulate_cued_encoding_-0.5_random,stimulate,cued,encoding,-0.5,64,0.890625,0.0,0.0,0.8653846153846154,0.296875,0.2957818224814446,0.7307692307692307,26,0.0,38,2.821061633110702,0.8210750187055726,0.0,0.0,0.0001554836725858877,0.0,0,0.05662405979280534,0.0,0.0,-0.0011803975208792394,0.0015089997819075043,0.0,0.0,0.0,0.0,0.0,0.0,random,0.457448273897171
orientation_cued,stimulate_cued_encoding_-1.0_feature,stimulate,cued,encoding,-1.0,64,0.875,-0.046875,0.0,0.8461538461538461,0.28125,0.29643226388009225,0.6923076923076923,26,0.0,38,2.713854050098847,0.8746788102115002,-0.015625,-0.015625,0.0008059250712335597,0.015625,0.002763541923337505,0.08334101600094265,-0.046875,0.0,-0.017624220657121725,0.01764789025634313,-0.10720758301185507,0.053603791505927534,-0.37958442437112816,0.0,0.0,0.18979221218556377,feature,0.457448273897171
orientation_cued,stimulate_cued_encoding_-1.0_random,stimulate,cued,encoding,-1.0,64,0.890625,0.0,0.0,0.8653846153846154,0.296875,0.29593412743111003,0.7307692307692307,26,0.0,38,2.821061633110702,0.8210750187055726,0.0,0.0,0.0003077886222513371,0.0,0,0.05662405979280534,0.0,0.0,-0.0023450376348534974,0.0029924155456058053,0.0,0.0,0.0,0.0,0.0,0.0,random,0.457448273897171
orientation_cued,stimulate_cued_encoding_0.5_feature,stimulate,cued,encoding,0.5,64,0.859375,-0.078125,0.0,0.8269230769230769,0.265625,0.2942287589677903,0.6538461538461539,26,0.0,38,2.6119314770245547,0.9256400967486462,-0.03125,-0.03125,-0.0013975798410683637,0.03125,0.008612138346171874,0.10697291770958313,-0.078125,0.0,-0.008483289933866444,0.00564796978366075,-0.20913015608614716,0.10456507804307358,-0.5594346423544861,0.0,0.0,0.27971732117724296,feature,0.457448273897171
orientation_cued,stimulate_cued_encoding_0.5_random,stimulate,cued,encoding,0.5,64,0.890625,0.0,0.0,0.8653846153846154,0.296875,0.2953283873189321,0.7307692307692307,26,0.0,38,2.821061633110702,0.8210750187055726,0.0,0.0,-0.0002979514899266178,0.0,0,0.05662405979280534,0.0,0.0,-0.0016007336750405443,0.0009340645935324679,0.0,0.0,0.0,0.0,0.0,0.0,random,0.457448273897171
orientation_cued,stimulate_cued_encoding_1.0_feature,stimulate,cued,encoding,1.0,64,0.859375,-0.078125,0.0,0.8269230769230769,0.265625,0.2913990127541979,0.6538461538461539,26,0.0,38,2.6119314770245547,0.9256400967486462,-0.03125,-0.03125,-0.004227326054660807,0.03125,0.008612138346171874,0.10697291770958313,-0.078125,0.0,-0.019875008029006835,0.010499996306887735,-0.20913015608614716,0.10456507804307358,-0.5594346423544861,0.0,0.0,0.27971732117724296,feature,0.457448273897171
orientation_cued,stimulate_cued_encoding_1.0_random,stimulate,cued,encoding,1.0,64,0.875,-0.046875,0.0,0.8461538461538461,0.28125,0.2950916140797517,0.6923076923076923,26,0.0,38,2.713854050098847,0.8746788102115002,-0.015625,-0.015625,-0.0005347247291069834,0.015625,0.002763541923337505,0.08334101600094265,-0.046875,0.0,-0.003174612651100972,0.0018868924362052991,-0.10720758301185507,0.053603791505927534,-0.3779657682519231,0.0,0.0,0.18898288412596143,random,0.457448273897171
orientation_cued,stimulate_cued_probe_-0.5_feature,stimulate,cued,probe,-0.5,64,0.84375,-0.109375,0.0,0.8137651821862348,0.28125,0.2894492657564456,0.6538461538461539,26,0.02631578947368421,38,2.1491506802823377,0.6942496983775376,-0.046875,-0.015625,-0.006177073052413107,0.046875,0.016069016786292974,0.12899653740093686,-0.0625,0.03125,-0.03067998941654082,0.019047262602560917,-0.6719109528283642,-0.12682532032803506,-1.2555606670860475,0.0,-0.3950943655611593,0.2221190503283905,feature,0.457448273897171
orientation_cued,stimulate_cued_probe_-0.5_random,stimulate,cued,probe,-0.5,64,0.890625,0.0,0.0,0.8653846153846154,0.296875,0.29954769960750127,0.7307692307692307,26,0.0,38,2.821061633110702,0.8210750187055726,0.0,0.0,0.003921360798642581,0.0,0,0.05662405979280534,0.0,0.0,0.0010408211908526255,0.007204030247687854,0.0,0.0,0.0,0.0,0.0,0.0,random,0.457448273897171
orientation_cued,stimulate_cued_probe_-1.0_feature,stimulate,cued,probe,-1.0,64,0.828125,-0.140625,0.0,0.8006072874493927,0.296875,0.2925278416535093,0.6538461538461539,26,0.05263157894736842,38,1.9015436881895647,0.5704462023311512,-0.0625,0.0,-0.003098497155349378,0.09375,0.04367825258519838,0.18982879599645597,-0.078125,0.078125,-0.04779531780288835,0.042799446652200854,-0.9195179449211373,-0.25062881637442147,-1.575174101233022,0.0,-0.5616862680106921,0.21277622971678808,feature,0.457448273897171
orientation_cued,stimulate_cued_probe_-1.0_random,stimulate,cued,probe,-1.0,64,0.890625,0.0,0.0,0.8653846153846154,0.296875,0.3042882576420993,0.7307692307692307,26,0.0,38,2.821061633110702,0.8210750187055726,0.0,0.0,0.008661918833240634,0.0,0,0.05662405979280534,0.0,0.0,0.002542224278448657,0.015750650347933964,0.0,0.0,0.0,0.0,0.0,0.0,random,0.457448273897171
orientation_cued,stimulate_cued_probe_0.5_feature,stimulate,cued,probe,0.5,64,0.890625,-0.046875,0.046875,0.8653846153846154,0.296875,0.30382126822644295,0.7307692307692307,26,0.0,38,2.821061633110702,0.8210750187055726,0.0,0.0,0.008194929417584262,0.03125,0.008612138346171874,0.10697291770958313,-0.046875,0.046875,-0.019239273167890758,0.03406233760747026,0.0,0.0,-0.3251833203464087,0.317411179640702,-0.15870558982035116,0.16259166017320412,feature,0.457448273897171
orientation_cued,stimulate_cued_probe_0.5_random,stimulate,cued,probe,0.5,64,0.875,-0.046875,0.0,0.8461538461538461,0.28125,0.29161014983054656,0.6923076923076923,26,0.0,38,2.713854050098847,0.8746788102115002,-0.015625,-0.015625,-0.00401618897831213,0.015625,0.002763541923337505,0.08334101600094265,-0.046875,0.0,-0.007288330917759822,-0.0010871391340543859,-0.10720758301185507,0.053603791505927534,-0.3779657682519231,0.0,0.0,0.18898288412596143,random,0.457448273897171
orientation_cued,stimulate_cued_probe_1.0_feature,stimulate,cued,probe,1.0,64,0.90625,-0.03125,0.0625,0.8846153846153846,0.3125,0.3163970781382659,0.7692307692307693,26,0.0,38,2.935527624089437,0.7638420232162051,0.015625,0.015625,0.020770739329407206,0.046875,0.016069016786292974,0.12899653740093686,-0.03125,0.0625,-0.02342771993013031,0.0637305086940131,0.11446599097873511,-0.057232995489367555,-0.28906425693817883,0.5559720931495022,-0.27798604657475107,0.14453212846908917,feature,0.457448273897171
orientation_cued,stimulate_cued_probe_1.0_random,stimulate,cued,probe,1.0,64,0.859375,-0.078125,0.0,0.8269230769230769,0.265625,0.2872928035029645,0.6538461538461539,26,0.0,38,2.6119314770245547,0.9256400967486462,-0.03125,-0.03125,-0.008333535305894202,0.03125,0.008612138346171874,0.10697291770958313,-0.078125,0.0,-0.015288747081226007,-0.0019236506604016787,-0.20913015608614716,0.10456507804307358,-0.5594346423544861,0.0,0.0,0.27971732117724296,random,0.457448273897171
orientation_cued,stimulate_cued_retention_-0.5_feature,stimulate,cued,retention,-0.5,64,0.890625,0.0,0.0,0.8653846153846154,0.296875,0.2971651763388081,0.7307692307692307,26,0.0,38,2.821061633110702,0.8210750187055726,0.0,0.0,0.0015388375299494328,0.0,0,0.05662405979280534,0.0,0.0,-0.0009925320751307254,0.004229098743500966,0.0,0.0,0.0,0.0,0.0,0.0,feature,0.457448273897171
orientation_cued,stimulate_cued_retention_-0.5_random,stimulate,cued,retention,-0.5,64,0.890625,0.0,0.0,0.8653846153846154,0.296875,0.29556282651736865,0.7307692307692307,26,0.0,38,2.821061633110702,0.8210750187055726,0.0,0.0,-6.351229149004212e-05,0.0,0,0.05662405979280534,0.0,0.0,-0.0007731955241752075,0.000865753667218881,0.0,0.0,0.0,0.0,0.0,0.0,random,0.457448273897171
orientation_cued,stimulate_cued_retention_-1.0_feature,stimulate,cued,retention,-1.0,64,0.890625,0.0,0.0,0.8653846153846154,0.296875,0.2973651851173713,0.7307692307692307,26,0.0,38,2.821061633110702,0.8210750187055726,0.0,0.0,0.0017388463085126205,0.0,0,0.05662405979280534,0.0,0.0,-0.0027279002917282467,0.006463723393846975,0.0,0.0,0.0,0.0,0.0,0.0,feature,0.457448273897171
orientation_cued,stimulate_cued_retention_-1.0_random,stimulate,cued,retention,-1.0,64,0.890625,0.0,0.0,0.8653846153846154,0.296875,0.2954479629937623,0.7307692307692307,26,0.0,38,2.821061633110702,0.8210750187055726,0.0,0.0,-0.00017837581509638767,0.0,0,0.05662405979280534,0.0,0.0,-0.0018123450010833152,0.0019745826550646895,0.0,0.0,0.0,0.0,0.0,0.0,random,0.457448273897171
orientation_cued,stimulate_cued_retention_0.5_feature,stimulate,cued,retention,0.5,64,0.875,-0.046875,0.0,0.8461538461538461,0.28125,0.2855110824924054,0.6923076923076923,26,0.0,38,2.713854050098847,0.8746788102115002,-0.015625,-0.015625,-0.01011525631645327,0.015625,0.002763541923337505,0.08334101600094265,-0.046875,0.0,-0.022653503594420955,-2.164974592346937e-05,-0.10720758301185507,0.053603791505927534,-0.3779657682519231,0.0,0.0,0.18898288412596143,feature,0.457448273897171
orientation_cued,stimulate_cued_retention_0.5_random,stimulate,cued,retention,0.5,64,0.890625,0.0,0.0,0.8653846153846154,0.296875,0.2954754404614732,0.7307692307692307,26,0.0,38,2.821061633110702,0.8210750187055726,0.0,0.0,-0.00015089834738546415,0.0,0,0.05662405979280534,0.0,0.0,-0.0008887239295191307,0.00041269593342008193,0.0,0.0,0.0,0.0,0.0,0.0,random,0.457448273897171
orientation_cued,stimulate_cued_retention_1.0_feature,stimulate,cued,retention,1.0,64,0.84375,-0.109375,0.0,0.8076923076923077,0.25,0.2733725402712821,0.6153846153846154,26,0.0,38,2.513821982323432,0.9746948440992077,-0.046875,-0.046875,-0.022253798537576586,0.046875,0.016069016786292974,0.12899653740093686,-0.109375,0.0,-0.05141242873136491,0.0012928463315858918,-0.3072396507872699,0.15361982539363506,-0.7197576046870697,0.0,0.0,0.35987880234353486,feature,0.457448273897171
orientation_cued,stimulate_cued_retention_1.0_random,stimulate,cued,retention,1.0,64,0.890625,0.0,0.0,0.8653846153846154,0.296875,0.29544679172568067,0.7307692307692307,26,0.0,38,2.821061633110702,0.8210750187055726,0.0,0.0,-0.00017954708317802215,0.0,0,0.05662405979280534,0.0,0.0,-0.0013408280234131098,0.0007294817287956331,0.0,0.0,0.0,0.0,0.0,0.0,random,0.457448273897171
orientation_cued,stimulate_foil_encoding_-0.5_feature,stimulate,foil,encoding,-0.5,64,0.890625,0.0,0.0,0.8653846153846154,0.296875,0.29674370218026525,0.7307692307692307,26,0.0,38,2.821061633110702,0.8210750187055726,0.0,0.0,0.0011173633714065545,0.0,0,0.05662405979280534,0.0,0.0,2.3271588425188845e-05,0.0025228368531543294,0.0,0.0,0.0,0.0,0.0,0.0,feature,0.457448273897171
orientation_cued,stimulate_foil_encoding_-0.5_random,stimulate,foil,encoding,-0.5,64,0.890625,0.0,0.0,0.8653846153846154,0.296875,0.2952992930163987,0.7307692307692307,26,0.0,38,2.821061633110702,0.8210750187055726,0.0,0.0,-0.0003270457924600123,0.0,0,0.05662405979280534,0.0,0.0,-0.0007867305609806863,7.189599196806272e-05,0.0,0.0,0.0,0.0,0.0,0.0,random,0.457448273897171
orientation_cued,stimulate_foil_encoding_-1.0_feature,stimulate,foil,encoding,-1.0,64,0.890625,0.0,0.0,0.8653846153846154,0.296875,0.2976506186518577,0.7307692307692307,26,0.0,38,2.821061633110702,0.8210750187055726,0.0,0.0,0.0020242798429990216,0.0,0,0.05662405979280534,0.0,0.0,1.1019014834801071e-06,0.004580849018338992,0.0,0.0,0.0,0.0,0.0,0.0,feature,0.457448273897171
orientation_cued,stimulate_foil_encoding_-1.0_random,stimulate,foil,encoding,-1.0,64,0.890625,0.0,0.0,0.8653846153846154,0.296875,0.29495196624452547,0.7307692307692307,26,0.0,38,2.821061633110702,0.8210750187055726,0.0,0.0,-0.0006743725643332255,0.0,0,0.05662405979280534,0.0,0.0,-0.0016031741333350168,0.00012424042673728742,0.0,0.0,0.0,0.0,0.0,0.0,random,0.457448273897171
orientation_cued,stimulate_foil_encoding_0.5_feature,stimulate,foil,encoding,0.5,64,0.890625,0.0,0.0,0.8653846153846154,0.296875,0.29435154692612286,0.7307692307692307,26,0.0,38,2.821061633110702,0.8210750187055726,0.0,0.0,-0.0012747918827358262,0.0,0,0.05662405979280534,0.0,0.0,-0.0028680013896959624,-4.653161068688415e-05,0.0,0.0,0.0,0.0,0.0,0.0,feature,0.457448273897171
orientation_cued,stimulate_foil_encoding_0.5_random,stimulate,foil,encoding,0.5,64,0.890625,0.0,0.0,0.8653846153846154,0.296875,0.29593406332520544,0.7307692307692307,26,0.0,38,2.821061633110702,0.8210750187055726,0.0,0.0,0.00030772451634675235,0.0,0,0.05662405979280534,0.0,0.0,-7.991454491218519e-05,0.0007459024805285697,0.0,0.0,0.0,0.0,0.0,0.0,random,0.457448273897171
orientation_cued,stimulate_foil_encoding_1.0_feature,stimulate,foil,encoding,1.0,64,0.875,-0.046875,0.0,0.8461538461538461,0.28125,0.29296296086857865,0.6923076923076923,26,0.0,38,2.713854050098847,0.8746788102115002,-0.015625,-0.015625,-0.002663377940280043,0.015625,0.002763541923337505,0.08334101600094265,-0.046875,0.0,-0.005946799301500505,-5.345935784646544e-05,-0.10720758301185507,0.053603791505927534,-0.3779657682519231,0.0,0.0,0.18898288412596143,feature,0.457448273897171
orientation_cued,stimulate_foil_encoding_1.0_random,stimulate,foil,encoding,1.0,64,0.890625,0.0,0.0,0.8653846153846154,0.296875,0.29621928141983744,0.7307692307692307,26,0.0,38,2.821061633110702,0.8210750187055726,0.0,0.0,0.0005929426109787528,0.0,0,0.05662405979280534,0.0,0.0,-0.00016764022776385445,0.0014623760987944928,0.0,0.0,0.0,0.0,0.0,0.0,random,0.457448273897171
orientation_cued,stimulate_foil_probe_-0.5_feature,stimulate,foil,probe,-0.5,64,0.890625,0.0,0.0,0.8653846153846154,0.296875,0.29611843781037805,0.7307692307692307,26,0.0,38,2.821061633110702,0.8210750187055726,0.0,0.0,0.0004920990015193638,0.0,0,0.05662405979280534,0.0,0.0,-0.0008566147343699981,0.0020567767334227936,0.0,0.0,0.0,0.0,0.0,0.0,feature,0.457448273897171
orientation_cued,stimulate_foil_probe_-0.5_random,stimulate,foil,probe,-0.5,64,0.890625,0.0,0.0,0.8653846153846154,0.296875,0.29540945633016236,0.7307692307692307,26,0.0,38,2.821061633110702,0.8210750187055726,0.0,0.0,-0.00021688247869633415,0.0,0,0.05662405979280534,0.0,0.0,-0.0007107840943362476,0.00023536297829878093,0.0,0.0,0.0,0.0,0.0,0.0,random,0.457448273897171
orientation_cued,stimulate_foil_probe_-1.0_feature,stimulate,foil,probe,-1.0,64,0.890625,0.0,0.0,0.8653846153846154,0.296875,0.2966114682429293,0.7307692307692307,26,0.0,38,2.821061633110702,0.8210750187055726,0.0,0.0,0.0009851294340705863,0.0,0,0.05662405979280534,0.0,0.0,-0.001767302927370906,0.004232721653002612,0.0,0.0,0.0,0.0,0.0,0.0,feature,0.457448273897171
orientation_cued,stimulate_foil_probe_-1.0_random,stimulate,foil,probe,-1.0,64,0.890625,0.0,0.0,0.8653846153846154,0.296875,0.2951359149588484,0.7307692307692307,26,0.0,38,2.821061633110702,0.8210750187055726,0.0,0.0,-0.000490423850010302,0.0,0,0.05662405979280534,0.0,0.0,-0.0014910982374033211,0.00040617981357229276,0.0,0.0,0.0,0.0,0.0,0.0,random,0.457448273897171
orientation_cued,stimulate_foil_probe_0.5_feature,stimulate,foil,probe,0.5,64,0.890625,0.0,0.0,0.8653846153846154,0.296875,0.2949918421777511,0.7307692307692307,26,0.0,38,2.821061633110702,0.8210750187055726,0.0,0.0,-0.000634496631107595,0.0,0,0.05662405979280534,0.0,0.0,-0.002177018983546475,0.0006985216106485836,0.0,0.0,0.0,0.0,0.0,0.0,feature,0.457448273897171
orientation_cued,stimulate_foil_probe_0.5_random,stimulate,foil,probe,0.5,64,0.890625,0.0,0.0,0.8653846153846154,0.296875,0.2957627506265226,0.7307692307692307,26,0.0,38,2.821061633110702,0.8210750187055726,0.0,0.0,0.000136411817663884,0.0,0,0.05662405979280534,0.0,0.0,-0.0003250549156632587,0.0006218855540282668,0.0,0.0,0.0,0.0,0.0,0.0,random,0.457448273897171
orientation_cued,stimulate_foil_probe_1.0_feature,stimulate,foil,probe,1.0,64,0.875,-0.046875,0.0,0.8461538461538461,0.28125,0.29435450786110096,0.6923076923076923,26,0.0,38,2.713854050098847,0.8746788102115002,-0.015625,-0.015625,-0.001271830947757735,0.015625,0.002763541923337505,0.08334101600094265,-0.046875,0.0,-0.004159635637572023,0.001292743970833498,-0.10720758301185507,0.053603791505927534,-0.3779657682519231,0.0,0.0,0.18898288412596143,feature,0.457448273897171
orientation_cued,stimulate_foil_probe_1.0_random,stimulate,foil,probe,1.0,64,0.890625,0.0,0.0,0.8653846153846154,0.296875,0.29589759596393606,0.7307692307692307,26,0.0,38,2.821061633110702,0.8210750187055726,0.0,0.0,0.0002712571550773646,0.0,0,0.05662405979280534,0.0,0.0,-0.0006512014080385598,0.0012104950421417012,0.0,0.0,0.0,0.0,0.0,0.0,random,0.457448273897171
orientation_cued,stimulate_foil_retention_-0.5_feature,stimulate,foil,retention,-0.5,64,0.890625,0.0,0.0,0.8653846153846154,0.296875,0.2956035465176683,0.7307692307692307,26,0.0,38,2.821061633110702,0.8210750187055726,0.0,0.0,-2.2792291190398828e-05,0.0,0,0.05662405979280534,0.0,0.0,-0.0004009073325178747,0.00031569337214705224,0.0,0.0,0.0,0.0,0.0,0.0,feature,0.457448273897171
orientation_cued,stimulate_foil_retention_-0.5_random,stimulate,foil,retention,-0.5,64,0.890625,0.0,0.0,0.8653846153846154,0.296875,0.29557346379823457,0.7307692307692307,26,0.0,38,2.821061633110702,0.8210750187055726,0.0,0.0,-5.287501062412048e-05,0.0,0,0.05662405979280534,0.0,0.0,-0.00016430700007958877,3.034039500562357e-05,0.0,0.0,0.0,0.0,0.0,0.0,random,0.457448273897171
orientation_cued,stimulate_foil_retention_-1.0_feature,stimulate,foil,retention,-1.0,64,0.890625,0.0,0.0,0.8653846153846154,0.296875,0.2955984313172735,0.7307692307692307,26,0.0,38,2.821061633110702,0.8210750187055726,0.0,0.0,-2.7907491585210664e-05,0.0,0,0.05662405979280534,0.0,0.0,-0.00091147261767901,0.0007294494014104202,0.0,0.0,0.0,0.0,0.0,0.0,feature,0.457448273897171
orientation_cued,stimulate_foil_retention_-1.0_random,stimulate,foil,retention,-1.0,64,0.890625,0.0,0.0,0.8653846153846154,0.296875,0.2955110602346167,0.7307692307692307,26,0.0,38,2.821061633110702,0.8210750187055726,0.0,0.0,-0.00011527857424198373,0.0,0,0.05662405979280534,0.0,0.0,-0.00032868247727151355,4.594912120694504e-05,0.0,0.0,0.0,0.0,0.0,0.0,random,0.457448273897171
orientation_cued,stimulate_foil_retention_0.5_feature,stimulate,foil,retention,0.5,64,0.890625,0.0,0.0,0.8653846153846154,0.296875,0.29559284675019626,0.7307692307692307,26,0.0,38,2.821061633110702,0.8210750187055726,0.0,0.0,-3.34920586624321e-05,0.0,0,0.05662405979280534,0.0,0.0,-0.0003954435531241529,0.0003742142654431288,0.0,0.0,0.0,0.0,0.0,0.0,feature,0.457448273897171
orientation_cued,stimulate_foil_retention_0.5_random,stimulate,foil,retention,0.5,64,0.890625,0.0,0.0,0.8653846153846154,0.296875,0.2956966820793241,0.7307692307692307,26,0.0,38,2.821061633110702,0.8210750187055726,0.0,0.0,7.034327046540056e-05,0.0,0,0.05662405979280534,0.0,0.0,-1.6179604084243238e-05,0.00017701771897975498,0.0,0.0,0.0,0.0,0.0,0.0,random,0.457448273897171
orientation_cued,stimulate_foil_retention_1.0_feature,stimulate,foil,retention,1.0,64,0.890625,0.0,0.0,0.8653846153846154,0.296875,0.2951163697149468,0.7307692307692307,26,0.0,38,2.821061633110702,0.8210750187055726,0.0,0.0,-0.0005099690939118773,0.0,0,0.05662405979280534,0.0,0.0,-0.0013523024205312594,0.00028096543017568326,0.0,0.0,0.0,0.0,0.0,0.0,feature,0.457448273897171
orientation_cued,stimulate_foil_retention_1.0_random,stimulate,foil,retention,1.0,64,0.890625,0.0,0.0,0.8653846153846154,0.296875,0.2957894656823328,0.7307692307692307,26,0.0,38,2.821061633110702,0.8210750187055726,0.0,0.0,0.00016312687347408428,0.0,0,0.05662405979280534,0.0,0.0,-1.6890220824450352e-05,0.0003874022823595169,0.0,0.0,0.0,0.0,0.0,0.0,random,0.457448273897171
spatial_binding,inhibit_background_encoding_1.0,inhibit,background,encoding,1.0,64,1.0,0.0,0.0,1.0,0.5,0.4999640783527685,1.0,32,0.0,32,4.332213505784658,-2.220446049250313e-16,0.0,0.0,-2.2064106832558883e-07,0.0,0,0.05662405979280534,0.0,0.0,-6.903736477086724e-07,1.1263953113328774e-07,0.0,0.0,0.0,0.0,0.0,0.0,,
spatial_binding,inhibit_background_probe_1.0,inhibit,background,probe,1.0,64,1.0,0.0,0.0,1.0,0.5,0.49996527196969454,1.0,32,0.0,32,4.332213505784658,-2.220446049250313e-16,0.0,0.0,9.729758576673686e-07,0.0,0,0.05662405979280534,0.0,0.0,3.6644821429492743e-07,1.77345462645112e-06,0.0,0.0,0.0,0.0,0.0,0.0,,
spatial_binding,inhibit_background_query_1.0,inhibit,background,query,1.0,64,1.0,0.0,0.0,1.0,0.5,0.4999646347965839,1.0,32,0.0,32,4.332213505784658,-2.220446049250313e-16,0.0,0.0,3.3580274701183743e-07,0.0,0,0.05662405979280534,0.0,0.0,-4.810812670369424e-07,1.384463561651325e-06,0.0,0.0,0.0,0.0,0.0,0.0,,
spatial_binding,inhibit_background_retention_1.0,inhibit,background,retention,1.0,64,1.0,0.0,0.0,1.0,0.5,0.49996422023797116,1.0,32,0.0,32,4.332213505784658,-2.220446049250313e-16,0.0,0.0,-7.875586564842774e-08,0.0,0,0.05662405979280534,0.0,0.0,-7.550533762550049e-07,5.723559973580538e-07,0.0,0.0,0.0,0.0,0.0,0.0,,
spatial_binding,inhibit_cued_encoding_1.0,inhibit,cued,encoding,1.0,64,1.0,0.0,0.0,1.0,0.5,0.4998713258266645,1.0,32,0.0,32,4.332213505784658,-2.220446049250313e-16,0.0,0.0,-9.297316717241794e-05,0.0,0,0.05662405979280534,0.0,0.0,-0.00026919272168870605,1.175110358048875e-05,0.0,0.0,0.0,0.0,0.0,0.0,,
spatial_binding,inhibit_cued_probe_1.0,inhibit,cued,probe,1.0,64,1.0,0.0,0.0,1.0,0.5,0.4995385022405246,1.0,32,0.0,32,4.332213505784658,-2.220446049250313e-16,0.0,0.0,-0.000425796753312252,0.0,0,0.05662405979280534,0.0,0.0,-0.0009878403874724814,-3.9009473717178296e-05,0.0,0.0,0.0,0.0,0.0,0.0,,
spatial_binding,inhibit_cued_query_1.0,inhibit,cued,query,1.0,64,1.0,0.0,0.0,1.0,0.5,0.49995578116384387,1.0,32,0.0,32,4.332213505784658,-2.220446049250313e-16,0.0,0.0,-8.517829992997494e-06,0.0,0,0.05662405979280534,0.0,0.0,-3.4445620868143836e-05,1.0167330727244879e-05,0.0,0.0,0.0,0.0,0.0,0.0,,
spatial_binding,inhibit_cued_retention_1.0,inhibit,cued,retention,1.0,64,1.0,0.0,0.0,1.0,0.5,0.4999599815057483,1.0,32,0.0,32,4.332213505784658,-2.220446049250313e-16,0.0,0.0,-4.317488088587118e-06,0.0,0,0.05662405979280534,0.0,0.0,-9.442585446188187e-06,7.873004426450726e-07,0.0,0.0,0.0,0.0,0.0,0.0,,
spatial_binding,inhibit_foil_encoding_1.0,inhibit,foil,encoding,1.0,64,1.0,0.0,0.0,1.0,0.5,0.4999631017601478,1.0,32,0.0,32,4.332213505784658,-2.220446049250313e-16,0.0,0.0,-1.1972336890417323e-06,0.0,0,0.05662405979280534,0.0,0.0,-1.3184495897229988e-05,1.4697018319200108e-05,0.0,0.0,0.0,0.0,0.0,0.0,,
spatial_binding,inhibit_foil_probe_1.0,inhibit,foil,probe,1.0,64,1.0,0.0,0.0,1.0,0.5,0.5000241520868666,1.0,32,0.0,32,4.332213505784658,-2.220446049250313e-16,0.0,0.0,5.9853093029721416e-05,0.0,0,0.05662405979280534,0.0,0.0,-1.1131110742132467e-05,0.00019262366588427413,0.0,0.0,0.0,0.0,0.0,0.0,,
spatial_binding,inhibit_foil_query_1.0,inhibit,foil,query,1.0,64,1.0,0.0,0.0,1.0,0.5,0.49996173763363105,1.0,32,0.0,32,4.332213505784658,-2.220446049250313e-16,0.0,0.0,-2.5613602057592e-06,0.0,0,0.05662405979280534,0.0,0.0,-7.1864193359416625e-06,1.6613006831492327e-06,0.0,0.0,0.0,0.0,0.0,0.0,,
spatial_binding,inhibit_foil_retention_1.0,inhibit,foil,retention,1.0,64,1.0,0.0,0.0,1.0,0.5,0.4999678234190208,1.0,32,0.0,32,4.332213505784658,-2.220446049250313e-16,0.0,0.0,3.524425183962232e-06,0.0,0,0.05662405979280534,0.0,0.0,-3.254547483749412e-06,1.1255788621746322e-05,0.0,0.0,0.0,0.0,0.0,0.0,,
spatial_binding,sham,,,,,64,1.0,0.0,0.0,1.0,0.5,0.4999642989938369,1.0,32,0.0,32,4.332213505784658,-2.220446049250313e-16,0.0,0.0,0.0,0.0,0,0.05662405979280534,0.0,0.0,0.0,0.0,0.0,0.0,0.0,0.0,0.0,0.0,,
spatial_binding,stimulate_background_probe_-1.0_feature,stimulate,background,probe,-1.0,64,1.0,0.0,0.0,1.0,0.5,0.49995691349817234,1.0,32,0.0,32,4.332213505784658,-2.220446049250313e-16,0.0,0.0,-7.385495664515018e-06,0.0,0,0.05662405979280534,0.0,0.0,-1.5025053626653573e-05,-2.0435999136151575e-06,0.0,0.0,0.0,0.0,0.0,0.0,feature,0.457448273897171
spatial_binding,stimulate_background_probe_1.0_feature,stimulate,background,probe,1.0,64,1.0,0.0,0.0,1.0,0.5,0.49997175550797646,1.0,32,0.0,32,4.332213505784658,-2.220446049250313e-16,0.0,0.0,7.456514139629611e-06,0.0,0,0.05662405979280534,0.0,0.0,1.974849293031461e-06,1.4297583524067526e-05,0.0,0.0,0.0,0.0,0.0,0.0,feature,0.457448273897171
spatial_binding,stimulate_background_query_-1.0_feature,stimulate,background,query,-1.0,64,1.0,0.0,0.0,1.0,0.5,0.49996527036720717,1.0,32,0.0,32,4.332213505784658,-2.220446049250313e-16,0.0,0.0,9.713733703474448e-07,0.0,0,0.05662405979280534,0.0,0.0,-3.885641170833093e-06,6.316462487108986e-06,0.0,0.0,0.0,0.0,0.0,0.0,feature,0.457448273897171
spatial_binding,stimulate_background_query_1.0_feature,stimulate,background,query,1.0,64,1.0,0.0,0.0,1.0,0.5,0.4999664140442277,1.0,32,0.0,32,4.332213505784658,-2.220446049250313e-16,0.0,0.0,2.115050390837786e-06,0.0,0,0.05662405979280534,0.0,0.0,-9.170534845059224e-06,1.2907036715542863e-05,0.0,0.0,0.0,0.0,0.0,0.0,feature,0.457448273897171
spatial_binding,stimulate_cued_probe_-1.0_feature,stimulate,cued,probe,-1.0,64,1.0,0.0,0.0,1.0,0.5,0.4999197967720112,1.0,32,0.0,32,4.332213505784658,-2.220446049250313e-16,0.0,0.0,-4.450222182563607e-05,0.0,0,0.05662405979280534,0.0,0.0,-9.635508799289549e-05,-7.27935180645269e-06,0.0,0.0,0.0,0.0,0.0,0.0,feature,0.457448273897171
spatial_binding,stimulate_cued_probe_1.0_feature,stimulate,cued,probe,1.0,64,1.0,0.0,0.0,1.0,0.5,0.5000286827896085,1.0,32,0.0,32,4.332213505784658,-2.220446049250313e-16,0.0,0.0,6.438379577168585e-05,0.0,0,0.05662405979280534,0.0,0.0,1.1779641668576216e-05,0.00012926756076481956,0.0,0.0,0.0,0.0,0.0,0.0,feature,0.457448273897171
spatial_binding,stimulate_cued_query_-1.0_feature,stimulate,cued,query,-1.0,64,1.0,0.0,0.0,1.0,0.5,0.4999678445268388,1.0,32,0.0,32,4.332213505784658,-2.220446049250313e-16,0.0,0.0,3.5455330019348863e-06,0.0,0,0.05662405979280534,0.0,0.0,-2.3994424080708844e-05,2.4894902888955745e-05,0.0,0.0,0.0,0.0,0.0,0.0,feature,0.457448273897171
spatial_binding,stimulate_cued_query_1.0_feature,stimulate,cued,query,1.0,64,1.0,0.0,0.0,1.0,0.5,0.4999427830170369,1.0,32,0.0,32,4.332213505784658,-2.220446049250313e-16,0.0,0.0,-2.1515976799918457e-05,0.0,0,0.05662405979280534,0.0,0.0,-5.907313881476153e-05,1.4008639197018303e-05,0.0,0.0,0.0,0.0,0.0,0.0,feature,0.457448273897171
spatial_binding,stimulate_foil_probe_-1.0_feature,stimulate,foil,probe,-1.0,64,1.0,0.0,0.0,1.0,0.5,0.4999825993660776,1.0,32,0.0,32,4.332213505784658,-2.220446049250313e-16,0.0,0.0,1.8300372240799556e-05,0.0,0,0.05662405979280534,0.0,0.0,-6.642106358928888e-06,5.151101851290588e-05,0.0,0.0,0.0,0.0,0.0,0.0,feature,0.457448273897171
spatial_binding,stimulate_foil_probe_1.0_feature,stimulate,foil,probe,1.0,64,1.0,0.0,0.0,1.0,0.5,0.49995903760066474,1.0,32,0.0,32,4.332213505784658,-2.220446049250313e-16,0.0,0.0,-5.261393172056872e-06,0.0,0,0.05662405979280534,0.0,0.0,-2.300647370848327e-05,1.0976409201016162e-05,0.0,0.0,0.0,0.0,0.0,0.0,feature,0.457448273897171
spatial_binding,stimulate_foil_query_-1.0_feature,stimulate,foil,query,-1.0,64,1.0,0.0,0.0,1.0,0.5,0.49995474087524405,1.0,32,0.0,32,4.332213505784658,-2.220446049250313e-16,0.0,0.0,-9.558118592795095e-06,0.0,0,0.05662405979280534,0.0,0.0,-2.3948039963396506e-05,5.045292208738428e-07,0.0,0.0,0.0,0.0,0.0,0.0,feature,0.457448273897171
spatial_binding,stimulate_foil_query_1.0_feature,stimulate,foil,query,1.0,64,1.0,0.0,0.0,1.0,0.5,0.49996265846704213,1.0,32,0.0,32,4.332213505784658,-2.220446049250313e-16,0.0,0.0,-1.6405267947196267e-06,0.0,0,0.05662405979280534,0.0,0.0,-7.054872231131853e-06,3.210001607033967e-06,0.0,0.0,0.0,0.0,0.0,0.0,feature,0.457448273897171
