delay,evidence,signed_degrees,response_rate,low,high,n
0,Target evidence,-45.0,0.0,0,0.10426999754245206,33
0,Target evidence,-30.0,0.0,0,0.10426999754245206,33
0,Target evidence,-15.0,0.0,0,0.10426999754245206,33
0,Target evidence,-10.0,0.0,0,0.10426999754245206,33
0,Target evidence,-6.0,0.0,0,0.10426999754245206,33
0,Target evidence,-3.0,0.030303030303030304,0.00536941053687183,0.1531872538211892,33
0,Target evidence,0.0,0.03125,0.01221826524505338,0.07759763126136077,128
0,Target evidence,3.0,0.140625,0.0757857255603086,0.24616281741577023,64
0,Target evidence,6.0,0.46875,0.35175987425176036,0.5892791294852899,64
0,Target evidence,10.0,0.890625,0.7910135867310387,0.945998866555832,64
0,Target evidence,15.0,0.96875,0.8930270822904169,0.9913878616538281,64
0,Target evidence,30.0,1.0,0.9433759402071946,1,64
0,Target evidence,45.0,1.0,0.9433759402071946,1,64
0,Foil evidence | target unchanged,-45.0,0.0,0,0.24249400665524085,12
0,Foil evidence | target unchanged,-30.0,0.0,0,0.24249400665524085,12
0,Foil evidence | target unchanged,-15.0,0.0,0,0.24249400665524085,12
0,Foil evidence | target unchanged,-10.0,0.08333333333333333,0.014865094404917095,0.35387991114111694,12
0,Foil evidence | target unchanged,-6.0,0.08333333333333333,0.014865094404917095,0.35387991114111694,12
0,Foil evidence | target unchanged,-3.0,0.08333333333333333,0.014865094404917095,0.35387991114111694,12
0,Foil evidence | target unchanged,0.0,0.03125,0.01221826524505338,0.07759763126136077,128
0,Foil evidence | target unchanged,3.0,0.0,0,0.2153108027376358,14
0,Foil evidence | target unchanged,6.0,0.0,0,0.2153108027376358,14
0,Foil evidence | target unchanged,10.0,0.0,0,0.2153108027376358,14
0,Foil evidence | target unchanged,15.0,0.0,0,0.2153108027376358,14
0,Foil evidence | target unchanged,30.0,0.0,0,0.2153108027376358,14
0,Foil evidence | target unchanged,45.0,0.0,0,0.2153108027376358,14
12,Target evidence,-45.0,0.0,0,0.10426999754245206,33
12,Target evidence,-30.0,0.0,0,0.10426999754245206,33
12,Target evidence,-15.0,0.0,0,0.10426999754245206,33
12,Target evidence,-10.0,0.0,0,0.10426999754245206,33
12,Target evidence,-6.0,0.0,0,0.10426999754245206,33
12,Target evidence,-3.0,0.0,0,0.10426999754245206,33
12,Target evidence,0.0,0.03125,0.01221826524505338,0.07759763126136077,128
12,Target evidence,3.0,0.109375,0.05400113344416797,0.20898641326896122,64
12,Target evidence,6.0,0.375,0.2666598017882464,0.497496213159955,64
12,Target evidence,10.0,0.875,0.7722543817887005,0.9352775733666955,64
12,Target evidence,15.0,1.0,0.9433759402071946,1,64
12,Target evidence,30.0,1.0,0.9433759402071946,1,64
12,Target evidence,45.0,1.0,0.9433759402071946,1,64
12,Foil evidence | target unchanged,-45.0,0.0,0,0.24249400665524085,12
12,Foil evidence | target unchanged,-30.0,0.0,0,0.24249400665524085,12
12,Foil evidence | target unchanged,-15.0,0.0,0,0.24249400665524085,12
12,Foil evidence | target unchanged,-10.0,0.0,0,0.24249400665524085,12
12,Foil evidence | target unchanged,-6.0,0.0,0,0.24249400665524085,12
12,Foil evidence | target unchanged,-3.0,0.08333333333333333,0.014865094404917095,0.35387991114111694,12
12,Foil evidence | target unchanged,0.0,0.03125,0.01221826524505338,0.07759763126136077,128
12,Foil evidence | target unchanged,3.0,0.0,0,0.2153108027376358,14
12,Foil evidence | target unchanged,6.0,0.0,0,0.2153108027376358,14
12,Foil evidence | target unchanged,10.0,0.0,0,0.2153108027376358,14
12,Foil evidence | target unchanged,15.0,0.0,0,0.2153108027376358,14
12,Foil evidence | target unchanged,30.0,0.0,0,0.2153108027376358,14
12,Foil evidence | target unchanged,45.0,0.0,0,0.2153108027376358,14
