task,label,n,accuracy,accuracy_low,accuracy_high,balanced_accuracy,positive_rate,mean_prob1,dprime,criterion
motion_direction,0,32,1.0,0.8928208017449293,1,1.0,0.0,8.743301184432895e-05,,
motion_direction,1,32,1.0,0.8928208017449293,1,1.0,1.0,0.9984771255403757,,
motion_direction,2,32,1.0,0.8928208017449293,1,1.0,0.0,0.00017474549458285082,,
motion_direction,3,32,1.0,0.8928208017449293,1,1.0,0.0,3.5756262811567283e-06,,
orientation,0,64,1.0,0.9433759402071946,1,1.0,0.0,0.00013765945219956777,,
orientation,1,64,1.0,0.9433759402071946,1,1.0,1.0,0.9998773783445358,,
contrast,0,64,1.0,0.9433759402071946,1,1.0,0.0,9.608961911299063e-05,,
contrast,1,64,1.0,0.9433759402071946,1,1.0,1.0,0.9999015033245087,,
spatial_frequency,0,64,1.0,0.9433759402071946,1,1.0,0.0,0.00015858191856182765,,
spatial_frequency,1,64,1.0,0.9433759402071946,1,1.0,1.0,0.9998021647334099,,
chromatic_increment,0,64,1.0,0.9433759402071946,1,1.0,0.0,9.551083044746084e-05,,
chromatic_increment,1,64,1.0,0.9433759402071946,1,1.0,1.0,0.9999848278239369,,
contour,0,64,0.984375,0.9166589839990573,0.9972364580766624,0.984375,0.015625,0.0171310106174829,,
contour,1,64,0.984375,0.9166589839990573,0.9972364580766624,0.984375,0.984375,0.9666180492058629,,
natural_spectrum,0,64,1.0,0.9433759402071946,1,1.0,0.0,0.0007645803234183068,,
natural_spectrum,1,64,1.0,0.9433759402071946,1,1.0,1.0,0.9999429024755955,,
